"","Date","Gasolene  87","Gasolene 90","Auto Diesel","ULSD"
"1",2009-12-31,69.7069,71.1468,69.8697,NA
"2",2009-12-24,68.2069,69.6468,68.4697,NA
"3",2009-12-17,67.8869,69.3268,67.9797,NA
"4",2009-12-10,69.8869,71.3268,69.9497,NA
"5",2009-12-04,70.3869,71.8268,70.5297,NA
"6",2009-11-26,69.6369,71.0768,69.6097,NA
"7",2009-11-19,68.9369,70.3768,69.8597,NA
"8",2009-11-12,69.0369,70.4768,70.2097,NA
"9",2009-11-05,69.1369,70.5768,70.2997,NA
"10",2009-10-29,69.6369,73.1097,70.4997,NA
"11",2009-10-22,67.6669,71.1397,68.8297,NA
"12",2009-10-15,65.7169,69.1897,66.9797,NA
"13",2009-10-08,64.8669,68.3397,65.5797,NA
"14",2009-10-01,63.4669,66.9397,64.4797,NA
"15",2009-09-24,64.9669,68.4397,65.4297,NA
"16",2009-09-17,64.4669,67.9397,64.8797,NA
"17",2009-09-10,64.9669,68.4397,64.1797,NA
"18",2009-09-03,65.9169,69.3897,65.3797,NA
"19",2009-08-27,66.5169,69.9897,65.6297,NA
"20",2009-08-20,66.6669,70.1397,64.6797,NA
"21",2009-08-13,67.5169,70.9897,65.3797,NA
"22",2009-08-06,66.2169,69.6897,63.8797,NA
"23",2009-07-30,64.7169,68.1897,63.1497,NA
"24",2009-07-23,63.5169,66.9897,62.0297,NA
"25",2009-07-16,62.5569,66.0297,60.8697,NA
"26",2009-07-09,64.4869,67.9597,62.6597,NA
"27",2009-07-02,65.5069,68.9797,64.6297,NA
"28",2009-06-25,66.6469,70.1197,65.6797,NA
"29",2009-06-18,68.0669,71.5397,66.7797,NA
"30",2009-06-11,66.2169,69.6897,65.2797,NA
"31",2009-06-04,64.7169,68.1897,63.4497,NA
"32",2009-05-28,63.0669,66.5397,61.5997,NA
"33",2009-05-21,61.7669,65.2397,60.0997,NA
"34",2009-05-14,59.7869,63.2597,60.6097,NA
"35",2009-05-07,58.6669,62.1397,59.5597,NA
"36",2009-04-30,57.7169,61.1897,59.0597,NA
"37",2009-04-23,49.4969,52.9697,51.5497,NA
"38",2009-04-16,49.6469,53.1197,51.4897,NA
"39",2009-04-09,49.3669,52.8397,51.9597,NA
"40",2009-04-02,50.1169,53.5897,52.1597,NA
"41",2009-03-26,49.6269,53.0997,51.3897,NA
"42",2009-03-19,47.8769,51.3497,49.3597,NA
"43",2009-03-12,47.7469,51.2197,49.0697,NA
"44",2009-03-05,47.1169,50.5897,50.4197,NA
"45",2009-02-26,45.3669,48.8397,49.6697,NA
"46",2009-02-19,47.8669,51.3397,51.6697,NA
"47",2009-02-12,48.3769,51.8497,53.2097,NA
"48",2009-02-05,47.8769,51.3497,54.2597,NA
"49",2009-01-29,46.2569,49.7302,53.9597,NA
"50",2009-01-22,47.1669,50.6397,54.9597,NA
"51",2009-01-15,46.2169,49.6897,55.4597,NA
"52",2009-01-08,46.7469,50.2197,55.3997,NA
"53",2009-01-01,43.7769,47.2497,52.7397,NA
"54",2010-12-29,88.0328,89.6887,88.6902,NA
"55",2010-12-23,86.3528,88.0087,87.0702,NA
"56",2010-12-16,85.5428,87.1987,86.4902,NA
"57",2010-12-09,85.7928,87.4487,86.5902,NA
"58",2010-12-02,83.8228,85.4785,85.0083,NA
"59",2010-11-25,82.8028,84.4587,83.8802,NA
"60",2010-11-18,83.7828,85.4387,85.0402,NA
"61",2010-11-11,82.6228,84.2787,84.2002,NA
"62",2010-11-04,80.4528,82.1087,81.7302,NA
"63",2010-10-28,78.8728,80.5287,81.7802,NA
"64",2010-10-21,79.2828,80.9387,81.6302,NA
"65",2010-10-14,79.7928,81.4487,81.8602,NA
"66",2010-10-07,78.2228,79.8787,80.8202,NA
"67",2010-09-30,75.7228,77.3787,78.1202,NA
"68",2010-09-23,75.9728,77.6287,77.7202,NA
"69",2010-09-16,76.2228,77.8787,77.3602,NA
"70",2010-09-09,75.7228,77.3787,77.1102,NA
"71",2010-09-02,76.1628,77.8187,77.0102,NA
"72",2010-08-26,75.6628,77.3187,76.6602,NA
"73",2010-08-19,76.7128,78.3687,77.2902,NA
"74",2010-08-12,78.8128,80.4687,79.8902,NA
"75",2010-08-04,79.6628,81.3187,79.1402,NA
"76",2010-07-28,79.3628,81.0187,78.4502,NA
"77",2010-07-22,78.9828,80.6387,78.3501,NA
"78",2010-07-15,79.3528,81.0087,77.6702,NA
"79",2010-07-08,78.6128,80.2687,76.4302,NA
"80",2010-07-01,80.5428,82.1987,78.9302,NA
"81",2010-06-24,81.3428,82.9987,80.5202,NA
"82",2010-06-17,81.0928,82.7487,80.1802,NA
"83",2010-06-10,80.9928,82.6487,79.7802,NA
"84",2010-06-03,81.2928,82.9487,80.2902,NA
"85",2010-05-27,81.1928,82.8487,80.0402,NA
"86",2010-05-20,83.1628,84.8187,82.5402,NA
"87",2010-05-13,84.1328,85.7887,83.5402,NA
"88",2010-05-06,86.1828,87.8387,85.0402,NA
"89",2010-04-29,84.6828,86.3387,83.7902,NA
"90",2010-04-22,83.1828,84.8387,83.0902,NA
"91",2010-04-15,83.7528,85.4087,83.4302,NA
"92",2010-04-08,84.0028,85.6587,83.6302,NA
"93",2010-04-01,82.0028,83.6587,80.9702,NA
"94",2010-03-25,82.1028,83.7587,81.0702,NA
"95",2010-03-18,81.9528,83.6087,80.9102,NA
"96",2010-03-11,82.2228,83.8784,80.6502,NA
"97",2010-03-04,80.7228,82.3787,79.6802,NA
"98",2010-02-25,80.8228,82.4787,79.9402,NA
"99",2010-02-18,78.8328,80.4887,78.2702,NA
"100",2010-02-11,79.6128,81.2687,78.1702,NA
"101",2010-02-04,80.5828,82.2387,79.4202,NA
"102",2010-01-28,82.0628,83.7187,80.6002,NA
"103",2010-01-21,83.0128,84.6687,82.1502,NA
"104",2010-01-14,83.7128,85.3688,83.8502,NA
"105",2010-01-07,82.3128,83.9687,82.6002,NA
"106",2010-01-01,80.1629,81.8188,80.3502,NA
"107",2011-12-29,94.6928,96.3487,99.6603,NA
"108",2011-12-22,93.7228,95.3787,98.9103,NA
"109",2011-12-15,94.2228,95.8787,99.9103,NA
"110",2011-12-08,94.2928,95.9487,101.31,NA
"111",2011-12-01,93.4428,95.0987,101.53,NA
"112",2011-11-24,93.3428,94.9987,103.3,NA
"113",2011-11-17,94.5628,96.2187,104.81,NA
"114",2011-11-10,95.6128,97.2687,104.3,NA
"115",2011-11-03,94.9128,96.5687,103.68,NA
"116",2011-10-27,95.4628,97.1187,102.98,NA
"117",2011-10-20,95.8128,97.4687,102.17,NA
"118",2011-10-13,94.9028,96.5587,100.66,NA
"119",2011-10-06,93.9328,95.5887,100.11,NA
"120",2011-09-29,93.9128,95.5687,101.62,NA
"121",2011-09-22,95.6128,97.2687,103.47,NA
"122",2011-09-15,97.2628,98.9187,103.92,NA
"123",2011-09-08,99.5328,101.189,105.43,NA
"124",2011-09-01,101.033,102.689,105.35,NA
"125",2011-08-25,99.0428,100.699,103.38,NA
"126",2011-08-18,98.0628,99.7187,102.85,NA
"127",2011-08-11,97.0128,98.6687,102.36,NA
"128",2011-08-04,101.113,102.769,105.56,NA
"129",2011-07-28,101.613,103.269,106.09,NA
"130",2011-07-21,101.613,103.269,105.53,NA
"131",2011-07-14,100.293,101.949,104.39,NA
"132",2011-07-07,98.3628,100.019,102.55,NA
"133",2011-06-30,96.3928,98.0487,100.76,NA
"134",2011-06-23,98.0828,99.7387,102.42,NA
"135",2011-06-16,99.5528,101.209,104.48,NA
"136",2011-06-09,97.9228,99.5787,102.64,NA
"137",2011-06-02,98.5028,100.159,101.68,NA
"138",2011-05-26,96.5528,98.2087,99.2202,NA
"139",2011-05-19,98.1728,99.8287,99.2502,NA
"140",2011-05-12,99.2128,100.869,99.7602,NA
"141",2011-05-05,99.4528,101.109,100.83,NA
"142",2011-04-28,97.4728,99.1287,99.4202,NA
"143",2011-04-21,96.5228,98.1787,98.6902,NA
"144",2011-04-14,95.6628,97.3187,99.2402,NA
"145",2011-04-07,100.533,102.189,104.27,NA
"146",2011-03-31,98.5628,100.219,101.76,NA
"147",2011-03-23,96.5328,98.1887,100.69,NA
"148",2011-03-17,96.6928,98.3487,100.48,NA
"149",2011-03-10,96.9928,98.6487,100.63,NA
"150",2011-03-03,94.5228,96.1787,98.0102,NA
"151",2011-02-24,92.0228,93.6787,95.6602,NA
"152",2011-02-17,90.3128,91.9687,94.2902,NA
"153",2011-02-10,89.6628,91.3187,94.3202,NA
"154",2011-02-03,89.3128,90.9687,93.1702,NA
"155",2011-01-27,88.8128,90.4687,91.6602,NA
"156",2011-01-20,89.8228,91.4787,91.9202,NA
"157",2011-01-13,89.3128,90.9687,89.9602,NA
"158",2011-01-06,87.7828,89.4387,88.1602,NA
"159",2012-12-28,100.073,101.729,107.79,NA
"160",2012-12-20,97.7728,99.4287,106.29,NA
"161",2012-12-13,97.6628,99.3187,105.04,NA
"162",2012-12-06,100.163,101.819,107.94,NA
"163",2012-11-29,100.663,102.319,107.88,NA
"164",2012-11-22,101.073,102.729,106.78,NA
"165",2012-11-15,100.653,102.309,105.68,NA
"166",2012-11-08,100.603,102.259,105.17,NA
"167",2012-11-01,101.063,102.719,107.62,NA
"168",2012-10-26,103.023,104.679,109.48,NA
"169",2012-10-18,105.473,107.129,111.78,NA
"170",2012-10-11,106.073,107.729,110.34,NA
"171",2012-10-04,105.433,107.089,109.85,NA
"172",2012-09-27,103.933,105.589,108.43,NA
"173",2012-09-20,105.673,107.329,109.35,NA
"174",2012-09-13,106.723,108.379,108.63,NA
"175",2012-09-06,106.943,108.599,108.15,NA
"176",2012-08-30,107.523,109.179,107.29,NA
"177",2012-08-22,105.523,107.179,106.18,NA
"178",2012-08-16,105.053,106.709,104.67,NA
"179",2012-08-09,103.103,104.759,103.52,NA
"180",2012-08-02,101.603,103.259,102.67,NA
"181",2012-07-26,101.103,102.759,102.77,NA
"182",2012-07-19,100.153,101.809,101.62,NA
"183",2012-07-12,99.8028,101.459,100.72,NA
"184",2012-07-05,97.8328,99.4887,99.2903,NA
"185",2012-06-28,96.2828,97.9387,97.1403,NA
"186",2012-06-21,98.4328,100.089,99.2303,NA
"187",2012-06-14,98.7028,100.359,99.5903,NA
"188",2012-06-07,98.8828,100.539,99.6403,NA
"189",2012-05-31,101.153,102.809,101.86,NA
"190",2012-05-24,100.873,102.529,102.56,NA
"191",2012-05-17,102.573,104.229,103.86,NA
"192",2012-05-10,102.673,104.329,104.95,NA
"193",2012-05-03,104.673,106.329,106.13,NA
"194",2012-04-26,104.893,106.549,104.68,NA
"195",2012-04-19,106.943,108.599,104.96,NA
"196",2012-04-12,106.683,108.339,104.68,NA
"197",2012-04-05,107.913,109.569,105.51,NA
"198",2012-03-29,105.943,107.599,105.76,NA
"199",2012-03-22,104.843,106.499,106.49,NA
"200",2012-03-15,103.873,105.529,106.35,NA
"201",2012-03-08,102.503,104.159,105.38,NA
"202",2012-03-01,102.633,104.289,105.88,NA
"203",2012-02-23,101.683,103.339,105.08,NA
"204",2012-02-16,100.793,102.449,104.33,NA
"205",2012-02-09,100.283,101.939,103.93,NA
"206",2012-02-02,99.3128,100.969,102.88,NA
"207",2012-01-26,99.0828,100.739,101.94,NA
"208",2012-01-19,98.1228,99.7787,102.44,NA
"209",2012-01-12,97.6628,99.3187,102.75,NA
"210",2012-01-05,95.9928,97.6487,100.95,NA
"211",2013-12-27,114.673,116.329,123.16,125.927
"212",2013-12-19,112.723,114.379,121.34,124.147
"213",2013-12-12,113.073,114.729,121.79,124.567
"214",2013-12-05,113.123,114.779,121.89,124.618
"215",2013-11-28,114.163,115.819,121.02,123.707
"216",2013-11-21,112.713,114.369,119.07,121.908
"217",2013-11-14,110.713,112.369,117.27,120.808
"218",2013-11-07,109.813,111.469,119.66,122.438
"219",2013-10-31,111.283,112.939,119.99,122.698
"220",2013-10-24,113.233,114.889,121.59,124.497
"221",2013-10-17,114.363,116.019,121.35,124.418
"222",2013-10-10,111.513,113.169,118.74,121.628
"223",2013-10-03,112.583,114.239,116.34,120.537
"224",2013-09-26,112.983,114.639,116.49,120.637
"225",2013-09-19,114.233,115.889,118.51,122.707
"226",2013-09-12,115.063,116.719,119.12,124.777
"227",2013-09-05,116.643,118.299,121.07,120.537
"228",2013-08-29,116.983,118.639,119.08,126.438
"229",2013-08-22,116.033,117.689,117.69,125.938
"230",2013-08-15,114.233,115.889,115.56,124.668
"231",2013-08-08,114.763,116.419,115.72,124.897
"232",2013-08-01,115.113,116.769,113.43,122.908
"233",2013-07-25,115.213,116.869,115,124.817
"234",2013-07-18,115.263,116.919,114,124.607
"235",2013-07-11,112.373,114.029,111.7,123.728
"236",2013-07-04,109.923,111.579,109.43,123.527
"237",2013-06-27,111.273,112.929,110.3,123.628
"238",2013-06-20,112.173,113.829,112.52,NA
"239",2013-06-13,109.813,111.469,110.02,NA
"240",2013-06-06,109.313,110.969,108.06,NA
"241",2013-05-30,109.763,111.419,108.13,NA
"242",2013-05-23,110.463,112.119,109.86,NA
"243",2013-05-16,109.453,111.109,109.36,NA
"244",2013-05-09,108.203,109.859,108.15,NA
"245",2013-04-11,108.073,109.729,110.65,NA
"246",2013-04-04,110.293,111.949,112.42,NA
"247",2013-03-28,107.983,109.639,109.92,NA
"248",2013-03-21,110.003,111.659,111.27,NA
"249",2013-03-14,108.923,110.579,112.08,NA
"250",2013-03-07,108.103,109.759,111.8,NA
"251",2013-02-28,110.253,111.909,114.12,NA
"252",2013-02-21,108.833,110.489,116.74,NA
"253",2013-02-14,106.863,108.519,115.31,NA
"254",2013-02-07,105.133,106.789,113.25,NA
"255",2013-01-31,103.163,104.819,111.52,NA
"256",2013-01-24,102.193,103.849,109.86,NA
"257",2013-01-17,100.753,102.409,109.65,NA
"258",2013-01-10,102.513,104.169,109.11,NA
"259",2013-01-03,101.403,103.059,108.51,NA
"260",2014-12-25,94.9728,96.6287,96.3603,103.367
"261",2014-12-18,98.1428,99.7987,98.9103,105.647
"262",2014-12-11,101.273,102.929,102.2,109.257
"263",2014-12-04,104.323,105.979,105.21,112.567
"264",2014-11-27,107.793,109.449,108.22,115.317
"265",2014-11-20,109.483,111.139,109.8,116.587
"266",2014-11-13,112.553,114.209,112.37,119.317
"267",2014-11-06,113.423,115.079,113.57,120.267
"268",2014-10-30,112.453,114.109,112.19,119.027
"269",2014-10-23,113.553,115.209,113.34,119.897
"270",2014-10-16,114.793,116.449,115.17,121.237
"271",2014-10-09,117.803,119.459,116.54,122.747
"272",2014-10-02,120.753,122.409,118.41,124.437
"273",2014-09-25,120.543,122.199,119.05,124.967
"274",2014-09-18,120.403,122.059,120.22,126.487
"275",2014-09-11,122.873,124.529,122.44,129.237
"276",2014-09-04,125.243,126.899,124.29,131.277
"277",2014-08-28,125.983,127.639,124.93,131.077
"278",2014-08-21,125.433,127.089,125.09,131.137
"279",2014-08-14,125.373,127.029,126.5,132.487
"280",2014-08-07,124.533,126.189,126.62,131.987
"281",2014-07-31,125.483,127.139,126.99,132.477
"282",2014-07-24,125.063,126.719,125.41,130.947
"283",2014-07-17,125.843,127.499,126.28,131.387
"284",2014-07-10,126.853,128.509,127.22,132.267
"285",2014-07-03,127.553,129.209,128.22,133.417
"286",2014-06-26,128.103,129.759,129.17,134.007
"287",2014-06-19,126.543,128.199,126.97,131.227
"288",2014-06-12,124.573,126.229,124.8,128.507
"289",2014-06-05,124.673,126.329,125.34,129.287
"290",2014-05-29,124.773,126.429,127.2,131.067
"291",2014-05-22,123.063,124.719,126.06,131.127
"292",2014-05-15,123.113,124.769,124.38,129.807
"293",2014-05-08,123.143,124.799,124.05,129.517
"294",2014-05-01,125.083,126.739,125.82,131.407
"295",2014-04-24,125.513,127.169,127.42,132.677
"296",2014-04-17,125.763,127.419,126.99,131.737
"297",2014-04-14,0,0,0,NA
"298",2014-04-10,125.083,126.739,126.42,131.187
"299",2014-04-03,123.133,124.789,126.14,131.927
"300",2014-03-27,121.163,122.819,125.4,130.797
"301",2014-03-20,122.743,124.399,125.03,130.477
"302",2014-03-13,121.323,122.979,126.43,133.017
"303",2014-03-06,121.033,122.689,126.88,134.317
"304",2014-02-27,121.093,122.749,124.91,134.517
"305",2014-02-20,119.533,121.189,125.52,133.107
"306",2014-02-13,117.563,119.219,122.65,130.897
"307",2014-02-06,115.713,117.369,123.72,130.257
"308",2014-01-30,114.713,116.369,124.9,129.977
"309",2014-01-23,114.463,116.119,123.26,128.187
"310",2014-01-16,114.253,115.909,122.18,127.897
"311",2014-01-09,113.753,115.409,123.62,NA
"312",2014-01-09,113.753,115.409,123.62,128.807
"313",2014-01-02,115.713,117.369,124.36,129.688
"314",2015-12-31,91.2928,92.9487,83.8503,91.6974
"315",2015-12-24,90.9728,92.6287,83.6803,90.9574
"316",2015-12-17,92.6928,94.3487,84.7603,92.8374
"317",2015-12-10,92.6428,94.2987,87.2303,95.6574
"318",2015-12-03,94.8628,96.5187,88.9203,98.1374
"319",2015-11-26,94.7928,96.4487,89.7803,98.8774
"320",2015-11-19,94.7728,96.4287,92.0803,99.4774
"321",2015-11-11,98.2428,99.8987,94.5003,102.087
"322",2015-11-05,99.4828,101.139,94.9703,102.757
"323",2015-10-29,98.7928,100.449,92.9103,100.717
"324",2015-10-22,98.7528,100.409,93.6203,100.907
"325",2015-10-15,100.693,102.349,95.8303,103.177
"326",2015-10-08,102.643,104.299,95.9303,103.547
"327",2015-10-01,102.643,104.299,94.7003,103.147
"328",2015-09-24,102.593,104.249,94.2103,102.307
"329",2015-09-17,101.893,103.549,94.3303,103.127
"330",2015-09-10,103.833,105.489,96.7603,105.497
"331",2015-09-03,104.293,105.949,95.4503,104.577
"332",2015-08-27,106.313,107.969,94.3303,103.087
"333",2015-08-20,109.283,110.939,95.8103,104.617
"334",2015-08-13,109.223,110.879,95.6303,104.597
"335",2015-08-05,112.133,113.789,96.4803,105.307
"336",2015-07-30,112.153,113.809,98.6403,107.327
"337",2015-07-23,114.133,115.789,100.33,108.377
"338",2015-07-16,115.223,116.879,101.93,110.177
"339",2015-07-09,116.953,118.609,103.6,112.357
"340",2015-07-02,116.023,117.679,105.74,114.337
"341",2015-06-25,115.283,116.939,105.42,114.777
"342",2015-06-18,116.293,117.949,105.97,114.867
"343",2015-06-11,115.133,116.789,105.17,113.987
"344",2015-06-04,114.513,116.169,106.71,115.187
"345",2015-05-28,113.653,115.309,107.39,116.607
"346",2015-05-21,113.823,115.479,108.24,117.277
"347",2015-05-14,112.853,114.509,107.82,116.847
"348",2015-05-07,113.893,115.549,107.63,117.017
"349",2015-04-30,113.323,114.979,104.81,115.487
"350",2015-04-23,110.713,112.369,104.87,114.167
"351",2015-04-16,108.923,110.579,102.99,112.157
"352",2015-04-09,109.843,111.499,102.48,111.097
"353",2015-04-02,106.443,108.099,101.21,110.987
"354",2015-03-26,106.523,108.179,99.2603,111.007
"355",2015-03-19,103.943,105.599,99.7903,111.377
"356",2015-03-12,101.033,102.689,97.7203,108.077
"357",2015-03-05,101.683,103.339,99.1703,109.277
"358",2015-02-26,98.2128,99.8687,96.0703,107.967
"359",2015-02-17,96.7428,98.3987,95.8203,107.927
"360",2015-02-12,95.0128,96.6687,94.8303,105.827
"361",2015-02-05,92.8028,94.4587,91.8503,102.127
"362",2015-01-29,90.2928,91.9487,90.1903,100.337
"363",2015-01-22,89.6828,91.3387,89.4603,99.6374
"364",2015-01-15,88.9028,90.5587,90.8403,99.3774
"365",2015-01-08,91.9328,93.5887,94.4003,101.237
"366",2015-01-01,92.9328,94.5887,94.4003,101.267
"367",2016-12-29,97.7228,99.3787,93.9203,103.9574
"368",2016-12-22,98.2228,99.8787,94.1103,104.1074
"369",2016-12-15,100.1628,101.8187,94.7403,104.4674
"370",2016-12-08,101.4128,103.0687,95.3803,105.3474
"371",2016-12-01,102.2428,103.8987,96.4503,106.6174
"372",2016-11-24,101.5428,103.1987,95.0903,104.6974
"373",2016-11-17,103.5528,105.2087,97.1203,106.6974
"374",2016-11-10,106.0628,107.7187,99.4103,107.9074
"375",2016-11-03,107.8728,109.5287,102.1403,110.8274
"376",2016-10-26,109.7528,111.4087,102.8503,111.8474
"377",2016-10-20,109.4428,111.0987,102.4803,111.7474
"378",2016-10-13,109.8628,111.5187,103.0103,111.9474
"379",2016-10-06,108.6128,110.2687,101.0303,109.4574
"380",2016-10-06,0,0,0,NA
"381",2016-09-29,106.7628,108.4187,98.6603,107.0574
"382",2016-09-22,105.8628,107.5187,97.1603,105.6074
"383",2016-09-15,107.7628,109.4187,99.5903,108.3274
"384",2016-09-08,106.5028,108.1587,98.8403,107.8574
"385",2016-09-01,109.2328,110.8887,100.1303,109.0374
"386",2016-08-24,107.2728,108.9287,100.1103,108.4374
"387",2016-08-18,105.1628,106.8187,97.6303,106.1474
"388",2016-08-11,105.3928,107.0487,95.6503,104.1674
"389",2016-08-04,103.4128,105.0687,94.4903,102.7874
"390",2016-07-28,105.0828,106.7387,97.1303,105.2174
"391",2016-07-21,105.1628,106.8187,97.8503,106.1774
"392",2016-07-14,105.3028,106.9587,99.3403,107.8474
"393",2016-07-07,106.2228,107.8787,100.7403,108.3374
"394",2016-06-30,106.8128,108.4687,99.8703,107.0974
"395",2016-06-23,105.9928,107.6487,99.9403,107.2674
"396",2016-06-16,106.4028,108.0587,100.4903,108.2474
"397",2016-06-09,106.9328,108.5887,99.4503,107.1174
"398",2016-06-02,106.1028,107.7587,98.6003,106.4074
"399",2016-05-26,104.9828,106.6387,97.5603,105.7874
"400",2016-05-19,103.0628,104.7187,95.8503,104.1074
"401",2016-05-13,101.2828,102.9387,93.9003,102.1374
"402",2016-05-12,93.5828,95.2387,86.2003,94.4374
"403",2016-05-05,94.1928,95.8487,86.2603,94.5474
"404",2016-04-28,92.5628,94.2187,84.5603,92.1274
"405",2016-04-21,90.6028,92.2587,81.5703,90.1574
"406",2016-04-14,89.1128,90.7687,79.7503,88.2474
"407",2016-04-07,87.5328,89.1887,76.8403,86.6574
"408",2016-03-31,88.4728,90.1287,77.0503,87.8674
"409",2016-03-24,87.5228,89.1787,79.6003,90.1774
"410",2016-03-10,83.6028,85.2587,78.0003,87.9174
"411",2016-03-03,83.7528,85.2974,76.6303,85.2974
"412",2016-02-25,81.5828,83.2387,75.9003,84.3174
"413",2016-02-18,81.7328,83.3887,75.2803,84.2174
"414",2016-02-11,82.2428,83.8987,77.3003,85.2574
"415",2016-02-04,84.7628,86.4187,77.1103,85.2074
"416",2016-01-28,84.6328,86.2887,76.7803,84.2174
"417",2016-01-21,86.1928,87.8487,78.4203,86.0474
"418",2016-01-14,88.3628,90.1087,81.2303,88.9474
"419",2016-01-07,91.3828,93.0387,84.1203,91.7974
"420",2017-12-28,120.0928,122.9287,119.9803,124.4574
"421",2017-12-21,118.3028,121.1387,118.9203,123.4874
"422",2017-12-14,119.7228,122.5587,118.7803,123.6374
"423",2017-12-07,121.0228,123.8587,119.0703,124.0174
"424",2017-11-30,121.3728,124.2087,119.7203,124.1674
"425",2017-11-22,119.6828,122.5187,118.9603,123.2174
"426",2017-11-16,121.5228,124.3587,119.1203,124.0274
"427",2017-11-09,120.5628,123.3987,117.9003,123.0374
"428",2017-11-02,118.9528,121.7887,117.1803,122.0674
"429",2017-10-26,117.4928,120.3287,115.2603,120.2074
"430",2017-10-19,116.5128,119.3487,113.8703,119.2974
"431",2017-10-12,116.0328,118.8687,113.1103,118.9474
"432",2017-10-05,116.8128,119.6487,114.5103,120.0974
"433",2017-09-28,117.2828,120.1187,114.8403,120.2274
"434",2017-09-21,117.5028,120.3387,113.7903,119.1274
"435",2017-09-14,118.6228,121.4587,113.0403,120.6174
"436",2017-09-07,120.4028,123.2387,112.1203,118.7474
"437",2017-08-31,116.9928,119.8287,109.8403,114.8374
"438",2017-08-24,115.1328,117.9687,108.4003,113.3674
"439",2017-08-17,116.3828,119.2187,109.7503,114.7274
"440",2017-08-10,117.6728,120.5087,110.3303,115.3074
"441",2017-08-03,116.8128,119.6487,109.3203,114.3074
"442",2017-07-27,115.2928,118.1287,107.4203,112.3374
"443",2017-07-20,114.3228,117.1587,106.3803,111.7574
"444",2017-07-13,113.6128,116.4487,105.6103,110.7974
"445",2017-07-05,112.6328,115.4687,105.4403,110.6274
"446",2017-06-29,111.1428,113.9787,103.8003,108.9374
"447",2017-06-22,111.4128,114.2487,105.1903,110.2874
"448",2017-06-15,112.0328,114.8687,105.4003,110.4374
"449",2017-06-07,112.9528,115.7887,106.7703,111.9474
"450",2017-06-01,113.6628,116.4987,109.9903,115.5074
"451",2017-05-25,112.6928,115.5287,108.6803,114.4074
"452",2017-05-18,110.4328,113.2687,105.9303,110.9574
"453",2017-05-11,108.3428,111.1787,105.0003,110.7674
"454",2017-05-04,108.5928,111.4287,107.3003,113.2674
"455",2017-04-27,108.9728,111.8087,108.1803,112.0474
"456",2017-04-20,109.2328,112.0687,108.5103,113.0374
"457",2017-04-12,109.2628,112.0987,106.5403,111.1874
"458",2017-04-06,107.3128,110.1487,105.0103,108.9274
"459",2017-03-30,106.5428,108.1987,103.3803,107.0974
"460",2017-03-23,105.5828,107.2387,103.6203,107.2474
"461",2017-03-15,104.2028,105.8587,103.7303,107.2974
"462",2017-03-09,98.0428,99.6987,96.4503,104.5474
"463",2017-03-02,98.1628,99.8187,96.5303,104.5974
"464",2017-02-23,96.5728,98.2287,95.3603,103.5774
"465",2017-02-16,96.6028,98.2587,94.8503,103.5974
"466",2017-02-09,95.6328,97.2887,95.0203,103.6574
"467",2017-02-02,95.6828,97.3387,94.3403,102.9874
"468",2017-01-26,95.6928,97.3487,93.3803,102.0574
"469",2017-01-19,96.1628,97.8187,93.7003,102.8074
"470",2017-01-12,96.7028,98.3587,93.8703,103.1274
"471",2017-01-05,97.3228,98.9787,94.1203,104.0174
"472",2018-11-15,130.5528,133.3887,139.9703,144.1774
"473",2018-11-08,133.4828,136.3187,141.8703,146.2974
"474",2018-11-01,135.9528,138.7887,143.7103,148.2174
"475",2018-10-25,137.2428,140.0787,144.4203,148.9574
"476",2018-10-18,139.3628,142.1987,145.2403,149.6474
"477",2018-10-11,141.8928,144.7287,146.0103,150.5274
"478",2018-10-04,142.0228,144.8587,144.9203,148.8174
"479",2018-09-27,140.0428,142.8787,141.7703,145.9874
"480",2018-09-20,138.4128,141.2487,140.2503,144.5874
"481",2018-09-13,137.8228,140.6587,140.5003,144.9674
"482",2018-09-06,138.5428,141.3787,140.8503,145.2674
"483",2018-08-30,138.2328,141.0687,138.9603,143.5174
"484",2018-08-23,136.7528,139.5887,136.9903,141.5474
"485",2018-08-16,136.8628,139.6987,137.0303,141.8274
"486",2018-08-09,137.1628,139.9987,136.5003,141.5874
"487",2018-08-02,137.5128,140.3487,136.5303,141.6174
"488",2018-07-26,134.9128,137.7487,133.6803,138.2074
"489",2018-07-19,135.1928,138.0287,133.7603,138.6274
"490",2018-07-11,135.8628,138.6987,134.9103,139.6974
"491",2018-07-05,135.0328,137.8687,134.7003,139.3274
"492",2018-06-28,133.5828,136.4187,132.7403,137.7374
"493",2018-06-21,133.7828,136.6187,133.3003,138.2174
"494",2018-06-14,132.1228,134.9587,130.1503,135.0174
"495",2018-06-07,132.3328,135.1687,130.3103,135.1074
"496",2018-05-31,132.9528,135.7887,130.9603,135.7074
"497",2018-05-24,132.6228,135.4587,130.6103,135.7574
"498",2018-05-17,129.8328,132.6687,127.7003,133.5974
"499",2018-05-10,127.5428,130.3787,124.6003,130.1174
"500",2018-05-03,127.7028,130.5387,124.7603,129.8874
"501",2018-04-25,126.3828,129.2187,123.3003,128.2674
"502",2018-04-19,124.8928,127.7287,122.3803,127.2274
"503",2018-04-12,123.4128,126.2487,120.5403,125.3274
"504",2018-04-05,123.7928,126.6287,120.5703,125.5674
"505",2018-03-29,124.0628,126.8987,119.7103,124.7274
"506",2018-03-22,123.1328,125.9687,117.8203,122.8374
"507",2018-03-15,120.2428,123.0787,117.2603,122.2674
"508",2018-03-15,120.2428,123.0787,117.2603,122.2674
"509",2018-03-07,120.5128,123.3487,118.0503,123.0474
"510",2018-03-01,120.2428,123.0787,117.2603,122.2674
"511",2018-03-01,121.1428,123.9787,119.7203,124.6874
"512",2018-02-22,119.3528,122.1887,118.5803,123.5474
"513",2018-02-15,120.6228,123.4587,119.6803,124.6774
"514",2018-02-08,123.3528,126.1887,122.9703,127.8074
"515",2018-02-01,123.8928,126.7287,124.5303,129.0674
"516",2018-01-25,122.7228,125.5587,122.7003,127.2374
"517",2018-01-18,122.2428,125.0787,122.4003,127.5774
"518",2018-01-11,120.7728,123.6087,122.5003,127.0574
"519",2018-01-04,121.0428,123.8787,122.4803,127.1074
