"","Date","Price"
"1",2006-06-14,2.152
"2",2006-06-15,2.145
"3",2006-06-16,2.085
"4",2006-06-19,2.021
"5",2006-06-20,2.028
"6",2006-06-21,2.059
"7",2006-06-22,2.092
"8",2006-06-23,2.114
"9",2006-06-26,2.126
"10",2006-06-27,2.117
"11",2006-06-28,2.105
"12",2006-06-29,2.175
"13",2006-06-30,2.186
"14",2006-07-03,2.186
"15",2006-07-05,2.214
"16",2006-07-06,2.199
"17",2006-07-07,2.167
"18",2006-07-10,2.122
"19",2006-07-11,2.158
"20",2006-07-12,2.173
"21",2006-07-13,2.274
"22",2006-07-14,2.25
"23",2006-07-17,2.214
"24",2006-07-18,2.273
"25",2006-07-19,2.253
"26",2006-07-20,2.216
"27",2006-07-21,2.269
"28",2006-07-24,2.247
"29",2006-07-25,2.175
"30",2006-07-26,2.275
"31",2006-07-27,2.34
"32",2006-07-28,2.303
"33",2006-07-31,2.319
"34",2006-08-01,2.352
"35",2006-08-02,2.408
"36",2006-08-03,2.373
"37",2006-08-04,2.347
"38",2006-08-07,2.37
"39",2006-08-08,2.296
"40",2006-08-09,2.285
"41",2006-08-10,2.209
"42",2006-08-11,2.205
"43",2006-08-14,2.17
"44",2006-08-15,2.174
"45",2006-08-16,2.174
"46",2006-08-17,2.188
"47",2006-08-18,2.209
"48",2006-08-21,2.257
"49",2006-08-22,2.262
"50",2006-08-23,2.225
"51",2006-08-24,2.249
"52",2006-08-25,2.227
"53",2006-08-28,2.127
"54",2006-08-29,2.072
"55",2006-08-30,2.092
"56",2006-08-31,2.095
"57",2006-09-01,2.035
"58",2006-09-05,1.991
"59",2006-09-06,1.947
"60",2006-09-07,1.923
"61",2006-09-08,1.846
"62",2006-09-11,1.769
"63",2006-09-12,1.723
"64",2006-09-13,1.676
"65",2006-09-14,1.653
"66",2006-09-15,1.672
"67",2006-09-18,1.727
"68",2006-09-19,1.694
"69",2006-09-20,1.654
"70",2006-09-21,1.774
"71",2006-09-22,1.733
"72",2006-09-25,1.761
"73",2006-09-26,1.747
"74",2006-09-27,1.829
"75",2006-09-28,1.813
"76",2006-09-29,1.812
"77",2006-10-02,1.765
"78",2006-10-03,1.699
"79",2006-10-04,1.72
"80",2006-10-05,1.804
"81",2006-10-06,1.789
"82",2006-10-09,1.814
"83",2006-10-10,1.805
"84",2006-10-11,1.759
"85",2006-10-12,1.79
"86",2006-10-13,1.832
"87",2006-10-16,1.928
"88",2006-10-17,1.829
"89",2006-10-18,1.805
"90",2006-10-19,1.806
"91",2006-10-20,1.753
"92",2006-10-23,1.757
"93",2006-10-24,1.782
"94",2006-10-25,1.826
"95",2006-10-26,1.779
"96",2006-10-27,1.781
"97",2006-10-30,1.703
"98",2006-10-31,1.726
"99",2006-11-01,1.7
"100",2006-11-02,1.687
"101",2006-11-03,1.77
"102",2006-11-06,1.817
"103",2006-11-07,1.778
"104",2006-11-08,1.82
"105",2006-11-09,1.842
"106",2006-11-10,1.749
"107",2006-11-13,1.709
"108",2006-11-14,1.716
"109",2006-11-15,1.743
"110",2006-11-16,1.759
"111",2006-11-17,1.8
"112",2006-11-20,1.806
"113",2006-11-21,1.873
"114",2006-11-22,1.817
"115",2006-11-24,1.837
"116",2006-11-27,1.855
"117",2006-11-28,1.844
"118",2006-11-29,1.907
"119",2006-11-30,1.903
"120",2006-12-01,1.911
"121",2006-12-04,1.86
"122",2006-12-05,1.84
"123",2006-12-06,1.801
"124",2006-12-07,1.804
"125",2006-12-08,1.777
"126",2006-12-11,1.751
"127",2006-12-12,1.782
"128",2006-12-13,1.794
"129",2006-12-14,1.834
"130",2006-12-15,1.843
"131",2006-12-18,1.79
"132",2006-12-19,1.727
"133",2006-12-20,1.707
"134",2006-12-21,1.816
"135",2006-12-22,1.793
"136",2006-12-26,1.749
"137",2006-12-27,1.739
"138",2006-12-28,1.748
"139",2006-12-29,1.748
"140",2007-01-02,1.744
"141",2007-01-03,1.684
"142",2007-01-04,1.646
"143",2007-01-05,1.645
"144",2007-01-08,1.639
"145",2007-01-09,1.641
"146",2007-01-10,1.607
"147",2007-01-11,1.58
"148",2007-01-12,1.606
"149",2007-01-16,1.59
"150",2007-01-17,1.586
"151",2007-01-18,1.57
"152",2007-01-19,1.606
"153",2007-01-22,1.607
"154",2007-01-23,1.661
"155",2007-01-24,1.658
"156",2007-01-25,1.631
"157",2007-01-26,1.657
"158",2007-01-29,1.616
"159",2007-01-30,1.705
"160",2007-01-31,1.737
"161",2007-02-01,1.722
"162",2007-02-02,1.733
"163",2007-02-05,1.728
"164",2007-02-06,1.71
"165",2007-02-07,1.684
"166",2007-02-08,1.752
"167",2007-02-09,1.75
"168",2007-02-12,1.67
"169",2007-02-13,1.738
"170",2007-02-14,1.745
"171",2007-02-15,1.737
"172",2007-02-16,1.761
"173",2007-02-20,1.811
"174",2007-02-21,1.833
"175",2007-02-22,1.856
"176",2007-02-23,1.873
"177",2007-02-26,1.879
"178",2007-02-27,1.865
"179",2007-02-28,1.912
"180",2007-03-01,1.915
"181",2007-03-02,1.901
"182",2007-03-05,1.902
"183",2007-03-06,1.918
"184",2007-03-07,1.977
"185",2007-03-08,1.973
"186",2007-03-09,2.011
"187",2007-03-12,1.985
"188",2007-03-13,1.95
"189",2007-03-14,1.909
"190",2007-03-15,1.882
"191",2007-03-16,1.878
"192",2007-03-19,1.877
"193",2007-03-20,1.848
"194",2007-03-21,1.843
"195",2007-03-22,1.976
"196",2007-03-23,1.944
"197",2007-03-26,2.123
"198",2007-03-27,2.076
"199",2007-03-28,2.119
"200",2007-03-29,2.177
"201",2007-03-30,2.168
"202",2007-04-02,2.17
"203",2007-04-03,2.105
"204",2007-04-04,2.129
"205",2007-04-05,2.16
"206",2007-04-09,2.125
"207",2007-04-10,2.163
"208",2007-04-11,2.216
"209",2007-04-12,2.22
"210",2007-04-13,2.188
"211",2007-04-16,2.156
"212",2007-04-17,1.975
"213",2007-04-18,1.974
"214",2007-04-19,1.978
"215",2007-04-20,2.004
"216",2007-04-23,2.065
"217",2007-04-24,2.011
"218",2007-04-25,2.065
"219",2007-04-26,2.043
"220",2007-04-27,2.062
"221",2007-04-30,2.036
"222",2007-05-01,2.09
"223",2007-05-02,1.996
"224",2007-05-03,2
"225",2007-05-04,1.984
"226",2007-05-07,1.952
"227",2007-05-08,1.992
"228",2007-05-09,1.991
"229",2007-05-10,2.036
"230",2007-05-11,2.052
"231",2007-05-14,2.038
"232",2007-05-15,2.058
"233",2007-05-16,2.037
"234",2007-05-17,2.107
"235",2007-05-18,2.083
"236",2007-05-21,2.11
"237",2007-05-22,2.073
"238",2007-05-23,2.09
"239",2007-05-24,2.099
"240",2007-05-25,2.104
"241",2007-05-29,2.045
"242",2007-05-30,2.018
"243",2007-05-31,2.036
"244",2007-06-01,2.043
"245",2007-06-04,2.086
"246",2007-06-05,2.081
"247",2007-06-06,2.088
"248",2007-06-07,2.07
"249",2007-06-08,1.996
"250",2007-06-11,2.024
"251",2007-06-12,2.011
"252",2007-06-13,2.085
"253",2007-06-14,2.149
"254",2007-06-15,2.138
"255",2007-06-18,2.16
"256",2007-06-19,2.137
"257",2007-06-20,2.129
"258",2007-06-21,2.11
"259",2007-06-22,2.124
"260",2007-06-25,2.132
"261",2007-06-26,2.087
"262",2007-06-27,2.093
"263",2007-06-28,2.107
"264",2007-06-29,2.095
"265",2007-07-02,2.124
"266",2007-07-03,2.126
"267",2007-07-05,2.152
"268",2007-07-06,2.156
"269",2007-07-09,2.161
"270",2007-07-10,2.193
"271",2007-07-11,2.15
"272",2007-07-12,2.148
"273",2007-07-13,2.173
"274",2007-07-16,2.102
"275",2007-07-17,2.073
"276",2007-07-18,2.132
"277",2007-07-19,2.163
"278",2007-07-20,2.147
"279",2007-07-23,2.111
"280",2007-07-24,2.118
"281",2007-07-25,2.14
"282",2007-07-26,2.103
"283",2007-07-27,2.168
"284",2007-07-30,2.17
"285",2007-07-31,2.215
"286",2007-08-01,2.176
"287",2007-08-02,2.149
"288",2007-08-03,2.107
"289",2007-08-06,2.033
"290",2007-08-07,2.045
"291",2007-08-08,2.061
"292",2007-08-09,2.075
"293",2007-08-10,2.066
"294",2007-08-13,2.057
"295",2007-08-14,2.098
"296",2007-08-15,2.139
"297",2007-08-16,2.13
"298",2007-08-17,2.196
"299",2007-08-20,2.128
"300",2007-08-21,2.085
"301",2007-08-22,2.086
"302",2007-08-23,2.098
"303",2007-08-24,2.132
"304",2007-08-27,2.147
"305",2007-08-28,2.132
"306",2007-08-29,2.181
"307",2007-08-30,2.186
"308",2007-08-31,2.177
"309",2007-09-04,2.192
"310",2007-09-05,2.222
"311",2007-09-06,2.238
"312",2007-09-07,2.222
"313",2007-09-10,2.264
"314",2007-09-11,2.247
"315",2007-09-12,2.231
"316",2007-09-13,2.298
"317",2007-09-14,2.295
"318",2007-09-17,2.312
"319",2007-09-18,2.351
"320",2007-09-19,2.333
"321",2007-09-20,2.391
"322",2007-09-21,2.384
"323",2007-09-24,2.351
"324",2007-09-25,2.313
"325",2007-09-26,2.287
"326",2007-09-27,2.344
"327",2007-09-28,2.308
"328",2007-10-01,2.257
"329",2007-10-02,2.238
"330",2007-10-03,2.247
"331",2007-10-04,2.294
"332",2007-10-05,2.281
"333",2007-10-08,2.224
"334",2007-10-09,2.24
"335",2007-10-10,2.275
"336",2007-10-11,2.303
"337",2007-10-12,2.305
"338",2007-10-15,2.372
"339",2007-10-16,2.406
"340",2007-10-17,2.375
"341",2007-10-18,2.42
"342",2007-10-19,2.393
"343",2007-10-22,2.369
"344",2007-10-23,2.357
"345",2007-10-24,2.404
"346",2007-10-25,2.463
"347",2007-10-26,2.488
"348",2007-10-29,2.532
"349",2007-10-30,2.474
"350",2007-10-31,2.59
"351",2007-11-01,2.57
"352",2007-11-02,2.648
"353",2007-11-05,2.641
"354",2007-11-06,2.707
"355",2007-11-07,2.677
"356",2007-11-08,2.671
"357",2007-11-09,2.685
"358",2007-11-12,2.626
"359",2007-11-13,2.56
"360",2007-11-14,2.61
"361",2007-11-15,2.616
"362",2007-11-16,2.646
"363",2007-11-19,2.66
"364",2007-11-20,2.751
"365",2007-11-21,2.742
"366",2007-11-23,2.758
"367",2007-11-26,2.738
"368",2007-11-27,2.7
"369",2007-11-28,2.624
"370",2007-11-29,2.617
"371",2007-11-30,2.553
"372",2007-12-03,2.557
"373",2007-12-04,2.532
"374",2007-12-05,2.482
"375",2007-12-06,2.53
"376",2007-12-07,2.48
"377",2007-12-10,2.445
"378",2007-12-11,2.455
"379",2007-12-12,2.579
"380",2007-12-13,2.57
"381",2007-12-14,2.588
"382",2007-12-17,2.576
"383",2007-12-18,2.535
"384",2007-12-19,2.577
"385",2007-12-20,2.571
"386",2007-12-21,2.592
"387",2007-12-24,2.576
"388",2007-12-26,2.62
"389",2007-12-27,2.69
"390",2007-12-28,2.634
"391",2007-12-31,2.638
"392",2008-01-02,2.71
"393",2008-01-03,2.678
"394",2008-01-04,2.646
"395",2008-01-07,2.565
"396",2008-01-08,2.59
"397",2008-01-09,2.559
"398",2008-01-10,2.515
"399",2008-01-11,2.498
"400",2008-01-14,2.553
"401",2008-01-15,2.513
"402",2008-01-16,2.502
"403",2008-01-17,2.488
"404",2008-01-18,2.518
"405",2008-01-22,2.478
"406",2008-01-23,2.469
"407",2008-01-24,2.495
"408",2008-01-25,2.54
"409",2008-01-28,2.541
"410",2008-01-29,2.573
"411",2008-01-30,2.589
"412",2008-01-31,2.56
"413",2008-02-01,2.479
"414",2008-02-04,2.523
"415",2008-02-05,2.486
"416",2008-02-06,2.486
"417",2008-02-07,2.532
"418",2008-02-08,2.637
"419",2008-02-11,2.695
"420",2008-02-12,2.675
"421",2008-02-13,2.701
"422",2008-02-14,2.751
"423",2008-02-15,2.742
"424",2008-02-19,2.891
"425",2008-02-20,2.935
"426",2008-02-21,2.9
"427",2008-02-22,2.893
"428",2008-02-25,2.903
"429",2008-02-26,2.94
"430",2008-02-27,2.896
"431",2008-02-28,2.971
"432",2008-02-29,2.951
"433",2008-03-03,2.983
"434",2008-03-04,2.981
"435",2008-03-05,3.128
"436",2008-03-06,3.165
"437",2008-03-07,3.154
"438",2008-03-10,3.205
"439",2008-03-11,3.225
"440",2008-03-12,3.267
"441",2008-03-13,3.339
"442",2008-03-14,3.305
"443",2008-03-17,3.22
"444",2008-03-18,3.246
"445",2008-03-19,3.153
"446",2008-03-20,3.108
"447",2008-03-24,3.058
"448",2008-03-25,2.982
"449",2008-03-26,3.09
"450",2008-03-27,3.17
"451",2008-03-28,3.177
"452",2008-03-31,3.101
"453",2008-04-01,3.129
"454",2008-04-02,3.158
"455",2008-04-03,3.142
"456",2008-04-04,3.195
"457",2008-04-07,3.296
"458",2008-04-08,3.295
"459",2008-04-09,3.415
"460",2008-04-10,3.351
"461",2008-04-11,3.347
"462",2008-04-14,3.357
"463",2008-04-15,3.418
"464",2008-04-16,3.416
"465",2008-04-17,3.404
"466",2008-04-18,3.41
"467",2008-04-21,3.413
"468",2008-04-22,3.42
"469",2008-04-23,3.446
"470",2008-04-24,3.401
"471",2008-04-25,3.465
"472",2008-04-28,3.442
"473",2008-04-29,3.38
"474",2008-04-30,3.327
"475",2008-05-01,3.268
"476",2008-05-02,3.365
"477",2008-05-05,3.458
"478",2008-05-06,3.473
"479",2008-05-07,3.58
"480",2008-05-08,3.65
"481",2008-05-09,3.759
"482",2008-05-12,3.645
"483",2008-05-13,3.794
"484",2008-05-14,3.721
"485",2008-05-15,3.747
"486",2008-05-16,3.842
"487",2008-05-19,3.828
"488",2008-05-20,3.883
"489",2008-05-21,4.047
"490",2008-05-22,4.066
"491",2008-05-23,3.975
"492",2008-05-27,3.891
"493",2008-05-28,3.921
"494",2008-05-29,3.76
"495",2008-05-30,3.718
"496",2008-06-02,3.813
"497",2008-06-03,3.713
"498",2008-06-04,3.596
"499",2008-06-05,3.731
"500",2008-06-06,3.997
"501",2008-06-09,3.926
"502",2008-06-10,3.859
"503",2008-06-11,4.017
"504",2008-06-12,3.969
"505",2008-06-13,3.871
"506",2008-06-16,3.843
"507",2008-06-17,3.857
"508",2008-06-18,3.886
"509",2008-06-19,3.752
"510",2008-06-20,3.802
"511",2008-06-23,3.844
"512",2008-06-24,3.841
"513",2008-06-25,3.785
"514",2008-06-26,3.913
"515",2008-06-27,3.941
"516",2008-06-30,3.923
"517",2008-07-01,3.915
"518",2008-07-02,4.053
"519",2008-07-03,4.095
"520",2008-07-07,3.984
"521",2008-07-08,3.829
"522",2008-07-09,3.859
"523",2008-07-10,4.075
"524",2008-07-11,4.115
"525",2008-07-14,4.101
"526",2008-07-15,3.984
"527",2008-07-16,3.905
"528",2008-07-17,3.805
"529",2008-07-18,3.739
"530",2008-07-21,3.805
"531",2008-07-22,3.723
"532",2008-07-23,3.583
"533",2008-07-24,3.611
"534",2008-07-25,3.572
"535",2008-07-28,3.614
"536",2008-07-29,3.523
"537",2008-07-30,3.579
"538",2008-07-31,3.484
"539",2008-08-01,3.46
"540",2008-08-04,3.381
"541",2008-08-05,3.3
"542",2008-08-06,3.249
"543",2008-08-07,3.251
"544",2008-08-08,3.149
"545",2008-08-11,3.145
"546",2008-08-12,3.106
"547",2008-08-13,3.163
"548",2008-08-14,3.148
"549",2008-08-15,3.171
"550",2008-08-18,3.139
"551",2008-08-19,3.187
"552",2008-08-20,3.228
"553",2008-08-21,3.357
"554",2008-08-22,3.184
"555",2008-08-25,3.222
"556",2008-08-26,3.317
"557",2008-08-27,3.383
"558",2008-08-28,3.271
"559",2008-08-29,3.264
"560",2008-09-02,3.192
"561",2008-09-03,3.177
"562",2008-09-04,3.112
"563",2008-09-05,3.043
"564",2008-09-08,3.124
"565",2008-09-09,2.999
"566",2008-09-10,3.027
"567",2008-09-11,3.034
"568",2008-09-12,3.239
"569",2008-09-15,3.057
"570",2008-09-16,3.072
"571",2008-09-17,3.076
"572",2008-09-18,2.902
"573",2008-09-19,2.999
"574",2008-09-22,3.155
"575",2008-09-23,3.132
"576",2008-09-24,3.12
"577",2008-09-25,3.134
"578",2008-09-26,3.117
"579",2008-09-29,2.849
"580",2008-09-30,3.047
"581",2008-10-01,2.984
"582",2008-10-02,2.821
"583",2008-10-03,2.744
"584",2008-10-06,2.608
"585",2008-10-07,2.58
"586",2008-10-08,2.568
"587",2008-10-09,2.436
"588",2008-10-10,2.341
"589",2008-10-13,2.435
"590",2008-10-14,2.355
"591",2008-10-15,2.26
"592",2008-10-16,2.225
"593",2008-10-17,2.205
"594",2008-10-20,2.306
"595",2008-10-21,2.199
"596",2008-10-22,2.085
"597",2008-10-23,2.056
"598",2008-10-24,1.976
"599",2008-10-27,1.918
"600",2008-10-28,1.965
"601",2008-10-29,2.033
"602",2008-10-30,1.992
"603",2008-10-31,2.085
"604",2008-11-03,1.979
"605",2008-11-04,2.135
"606",2008-11-05,2.058
"607",2008-11-06,1.945
"608",2008-11-07,1.986
"609",2008-11-10,2.006
"610",2008-11-11,1.926
"611",2008-11-12,1.819
"612",2008-11-13,1.898
"613",2008-11-14,1.819
"614",2008-11-17,1.79
"615",2008-11-18,1.764
"616",2008-11-19,1.735
"617",2008-11-20,1.646
"618",2008-11-21,1.679
"619",2008-11-24,1.75
"620",2008-11-25,1.67
"621",2008-11-26,1.714
"622",2008-11-28,1.703
"623",2008-12-01,1.573
"624",2008-12-02,1.55
"625",2008-12-03,1.533
"626",2008-12-04,1.456
"627",2008-12-05,1.39
"628",2008-12-08,1.437
"629",2008-12-09,1.384
"630",2008-12-10,1.235
"631",2008-12-11,1.391
"632",2008-12-12,1.391
"633",2008-12-15,1.38
"634",2008-12-16,1.433
"635",2008-12-17,1.412
"636",2008-12-18,1.358
"637",2008-12-19,1.383
"638",2008-12-22,1.312
"639",2008-12-23,1.274
"640",2008-12-24,1.212
"641",2008-12-26,1.247
"642",2008-12-29,1.264
"643",2008-12-30,1.268
"644",2008-12-31,1.298
"645",2009-01-02,1.447
"646",2009-01-05,1.516
"647",2009-01-06,1.603
"648",2009-01-07,1.525
"649",2009-01-08,1.525
"650",2009-01-09,1.475
"651",2009-01-12,1.468
"652",2009-01-13,1.493
"653",2009-01-14,1.432
"654",2009-01-15,1.472
"655",2009-01-16,1.449
"656",2009-01-20,1.33
"657",2009-01-21,1.316
"658",2009-01-22,1.267
"659",2009-01-23,1.36
"660",2009-01-26,1.361
"661",2009-01-27,1.33
"662",2009-01-28,1.364
"663",2009-01-29,1.362
"664",2009-01-30,1.429
"665",2009-02-02,1.362
"666",2009-02-03,1.323
"667",2009-02-04,1.309
"668",2009-02-05,1.343
"669",2009-02-06,1.322
"670",2009-02-09,1.31
"671",2009-02-10,1.26
"672",2009-02-11,1.275
"673",2009-02-12,1.308
"674",2009-02-13,1.28
"675",2009-02-17,1.157
"676",2009-02-18,1.132
"677",2009-02-19,1.195
"678",2009-02-20,1.194
"679",2009-02-23,1.181
"680",2009-02-24,1.214
"681",2009-02-25,1.228
"682",2009-02-26,1.27
"683",2009-02-27,1.249
"684",2009-03-02,1.132
"685",2009-03-03,1.153
"686",2009-03-04,1.188
"687",2009-03-05,1.139
"688",2009-03-06,1.197
"689",2009-03-09,1.199
"690",2009-03-10,1.178
"691",2009-03-11,1.136
"692",2009-03-12,1.22
"693",2009-03-13,1.185
"694",2009-03-16,1.2
"695",2009-03-17,1.27
"696",2009-03-18,1.294
"697",2009-03-19,1.353
"698",2009-03-20,1.398
"699",2009-03-23,1.486
"700",2009-03-24,1.501
"701",2009-03-25,1.503
"702",2009-03-26,1.516
"703",2009-03-27,1.466
"704",2009-03-30,1.354
"705",2009-03-31,1.346
"706",2009-04-01,1.356
"707",2009-04-02,1.463
"708",2009-04-03,1.469
"709",2009-04-06,1.459
"710",2009-04-07,1.42
"711",2009-04-08,1.439
"712",2009-04-09,1.452
"713",2009-04-13,1.413
"714",2009-04-14,1.42
"715",2009-04-15,1.431
"716",2009-04-16,1.435
"717",2009-04-17,1.444
"718",2009-04-20,1.35
"719",2009-04-21,1.374
"720",2009-04-22,1.348
"721",2009-04-23,1.332
"722",2009-04-24,1.386
"723",2009-04-27,1.351
"724",2009-04-28,1.335
"725",2009-04-29,1.328
"726",2009-04-30,1.322
"727",2009-05-01,1.421
"728",2009-05-04,1.42
"729",2009-05-05,1.405
"730",2009-05-06,1.449
"731",2009-05-07,1.458
"732",2009-05-08,1.496
"733",2009-05-11,1.474
"734",2009-05-12,1.493
"735",2009-05-13,1.473
"736",2009-05-14,1.472
"737",2009-05-15,1.4
"738",2009-05-18,1.461
"739",2009-05-19,1.48
"740",2009-05-20,1.545
"741",2009-05-21,1.526
"742",2009-05-22,1.535
"743",2009-05-26,1.518
"744",2009-05-27,1.523
"745",2009-05-28,1.567
"746",2009-05-29,1.665
"747",2009-06-01,1.75
"748",2009-06-02,1.79
"749",2009-06-03,1.726
"750",2009-06-04,1.769
"751",2009-06-05,1.77
"752",2009-06-08,1.785
"753",2009-06-09,1.806
"754",2009-06-10,1.834
"755",2009-06-11,1.859
"756",2009-06-12,1.845
"757",2009-06-15,1.824
"758",2009-06-16,1.843
"759",2009-06-17,1.868
"760",2009-06-18,1.848
"761",2009-06-19,1.823
"762",2009-06-22,1.739
"763",2009-06-23,1.784
"764",2009-06-24,1.781
"765",2009-06-25,1.818
"766",2009-06-26,1.776
"767",2009-06-29,1.824
"768",2009-06-30,1.783
"769",2009-07-01,1.761
"770",2009-07-02,1.692
"771",2009-07-06,1.641
"772",2009-07-07,1.602
"773",2009-07-08,1.549
"774",2009-07-09,1.562
"775",2009-07-10,1.555
"776",2009-07-13,1.544
"777",2009-07-14,1.561
"778",2009-07-15,1.635
"779",2009-07-16,1.627
"780",2009-07-17,1.674
"781",2009-07-20,1.727
"782",2009-07-21,1.748
"783",2009-07-22,1.761
"784",2009-07-23,1.806
"785",2009-07-24,1.838
"786",2009-07-27,1.846
"787",2009-07-28,1.818
"788",2009-07-29,1.712
"789",2009-07-30,1.799
"790",2009-07-31,1.836
"791",2009-08-03,1.89
"792",2009-08-04,1.921
"793",2009-08-05,1.974
"794",2009-08-06,1.942
"795",2009-08-07,1.918
"796",2009-08-10,1.945
"797",2009-08-11,1.91
"798",2009-08-12,1.908
"799",2009-08-13,1.93
"800",2009-08-14,1.863
"801",2009-08-17,1.845
"802",2009-08-18,1.88
"803",2009-08-19,1.928
"804",2009-08-20,1.892
"805",2009-08-21,1.916
"806",2009-08-24,1.927
"807",2009-08-25,1.863
"808",2009-08-26,1.869
"809",2009-08-27,1.884
"810",2009-08-28,1.894
"811",2009-08-31,1.811
"812",2009-09-01,1.772
"813",2009-09-02,1.756
"814",2009-09-03,1.748
"815",2009-09-04,1.731
"816",2009-09-08,1.791
"817",2009-09-09,1.804
"818",2009-09-10,1.789
"819",2009-09-11,1.73
"820",2009-09-14,1.74
"821",2009-09-15,1.788
"822",2009-09-16,1.825
"823",2009-09-17,1.842
"824",2009-09-18,1.831
"825",2009-09-21,1.76
"826",2009-09-22,1.828
"827",2009-09-23,1.784
"828",2009-09-24,1.717
"829",2009-09-25,1.735
"830",2009-09-28,1.729
"831",2009-09-29,1.719
"832",2009-09-30,1.819
"833",2009-10-01,1.81
"834",2009-10-02,1.788
"835",2009-10-05,1.788
"836",2009-10-06,1.815
"837",2009-10-07,1.785
"838",2009-10-08,1.83
"839",2009-10-09,1.856
"840",2009-10-12,1.882
"841",2009-10-13,1.901
"842",2009-10-14,1.924
"843",2009-10-15,1.992
"844",2009-10-16,2.01
"845",2009-10-19,2.017
"846",2009-10-20,2.018
"847",2009-10-21,2.082
"848",2009-10-22,2.079
"849",2009-10-23,2.049
"850",2009-10-26,2.029
"851",2009-10-27,2.036
"852",2009-10-28,1.98
"853",2009-10-29,2.047
"854",2009-10-30,1.975
"855",2009-11-02,1.997
"856",2009-11-03,2.016
"857",2009-11-04,2.023
"858",2009-11-05,1.993
"859",2009-11-06,1.939
"860",2009-11-09,1.991
"861",2009-11-10,1.999
"862",2009-11-11,2.005
"863",2009-11-12,1.948
"864",2009-11-13,1.92
"865",2009-11-16,1.989
"866",2009-11-17,2.025
"867",2009-11-18,2.011
"868",2009-11-19,1.957
"869",2009-11-20,1.938
"870",2009-11-23,1.945
"871",2009-11-24,1.923
"872",2009-11-25,2.002
"873",2009-11-27,1.982
"874",2009-11-30,1.999
"875",2009-12-01,2.016
"876",2009-12-02,1.989
"877",2009-12-03,1.986
"878",2009-12-04,1.988
"879",2009-12-07,1.97
"880",2009-12-08,1.963
"881",2009-12-09,1.884
"882",2009-12-10,1.874
"883",2009-12-11,1.886
"884",2009-12-14,1.89
"885",2009-12-15,1.875
"886",2009-12-16,1.937
"887",2009-12-17,1.916
"888",2009-12-18,1.922
"889",2009-12-21,1.896
"890",2009-12-22,1.902
"891",2009-12-23,1.972
"892",2009-12-24,1.995
"893",2009-12-28,2.029
"894",2009-12-29,2.056
"895",2009-12-30,2.077
"896",2009-12-31,2.078
"897",2010-01-04,2.156
"898",2010-01-05,2.15
"899",2010-01-06,2.169
"900",2010-01-07,2.156
"901",2010-01-08,2.182
"902",2010-01-11,2.146
"903",2010-01-12,2.085
"904",2010-01-13,2.065
"905",2010-01-14,2.046
"906",2010-01-15,2.012
"907",2010-01-19,2.013
"908",2010-01-20,1.982
"909",2010-01-21,1.953
"910",2010-01-22,1.902
"911",2010-01-25,1.957
"912",2010-01-26,1.949
"913",2010-01-27,1.921
"914",2010-01-28,1.923
"915",2010-01-29,1.908
"916",2010-02-01,1.955
"917",2010-02-02,2.023
"918",2010-02-03,2.013
"919",2010-02-04,1.92
"920",2010-02-05,1.894
"921",2010-02-08,1.882
"922",2010-02-09,1.954
"923",2010-02-10,1.955
"924",2010-02-11,1.968
"925",2010-02-12,1.937
"926",2010-02-16,2.009
"927",2010-02-17,2.018
"928",2010-02-18,2.06
"929",2010-02-19,2.083
"930",2010-02-22,2.086
"931",2010-02-23,2.051
"932",2010-02-24,2.072
"933",2010-02-25,2.024
"934",2010-02-26,2.065
"935",2010-03-01,2.064
"936",2010-03-02,2.08
"937",2010-03-03,2.12
"938",2010-03-04,2.104
"939",2010-03-05,2.127
"940",2010-03-08,2.13
"941",2010-03-09,2.112
"942",2010-03-10,2.13
"943",2010-03-11,2.134
"944",2010-03-12,2.115
"945",2010-03-15,2.076
"946",2010-03-16,2.144
"947",2010-03-17,2.166
"948",2010-03-18,2.142
"949",2010-03-19,2.112
"950",2010-03-22,2.119
"951",2010-03-23,2.136
"952",2010-03-24,2.103
"953",2010-03-25,2.106
"954",2010-03-26,2.112
"955",2010-03-29,2.165
"956",2010-03-30,2.165
"957",2010-03-31,2.207
"958",2010-04-01,2.274
"959",2010-04-05,2.325
"960",2010-04-06,2.313
"961",2010-04-07,2.271
"962",2010-04-08,2.26
"963",2010-04-09,2.231
"964",2010-04-12,2.223
"965",2010-04-13,2.213
"966",2010-04-14,2.264
"967",2010-04-15,2.277
"968",2010-04-16,2.241
"969",2010-04-19,2.183
"970",2010-04-20,2.213
"971",2010-04-21,2.264
"972",2010-04-22,2.264
"973",2010-04-23,2.304
"974",2010-04-26,2.282
"975",2010-04-27,2.256
"976",2010-04-28,2.281
"977",2010-04-29,2.319
"978",2010-04-30,2.357
"979",2010-05-03,2.383
"980",2010-05-04,2.305
"981",2010-05-05,2.227
"982",2010-05-06,2.156
"983",2010-05-07,2.14
"984",2010-05-10,2.179
"985",2010-05-11,2.175
"986",2010-05-12,2.215
"987",2010-05-13,2.179
"988",2010-05-14,2.094
"989",2010-05-17,2.024
"990",2010-05-18,2.004
"991",2010-05-19,1.996
"992",2010-05-20,1.934
"993",2010-05-21,1.944
"994",2010-05-24,1.945
"995",2010-05-25,1.93
"996",2010-05-26,1.957
"997",2010-05-27,2.033
"998",2010-05-28,2.041
"999",2010-06-01,1.997
"1000",2010-06-02,2.041
"1001",2010-06-03,2.068
"1002",2010-06-04,1.982
"1003",2010-06-07,1.981
"1004",2010-06-08,1.991
"1005",2010-06-09,2.023
"1006",2010-06-10,2.061
"1007",2010-06-11,2.029
"1008",2010-06-14,2.034
"1009",2010-06-15,2.084
"1010",2010-06-16,2.131
"1011",2010-06-17,2.163
"1012",2010-06-18,2.153
"1013",2010-06-21,2.148
"1014",2010-06-22,2.118
"1015",2010-06-23,2.069
"1016",2010-06-24,2.069
"1017",2010-06-25,2.14
"1018",2010-06-28,2.123
"1019",2010-06-29,2.042
"1020",2010-06-30,2.015
"1021",2010-07-01,1.947
"1022",2010-07-02,1.928
"1023",2010-07-06,1.94
"1024",2010-07-07,2.005
"1025",2010-07-08,2.049
"1026",2010-07-09,2.066
"1027",2010-07-12,2.021
"1028",2010-07-13,2.081
"1029",2010-07-14,2.062
"1030",2010-07-15,2.055
"1031",2010-07-16,2.053
"1032",2010-07-19,2.059
"1033",2010-07-20,2.062
"1034",2010-07-21,2.021
"1035",2010-07-22,2.083
"1036",2010-07-23,2.088
"1037",2010-07-26,2.079
"1038",2010-07-27,2.037
"1039",2010-07-28,2.046
"1040",2010-07-29,2.088
"1041",2010-07-30,2.113
"1042",2010-08-02,2.18
"1043",2010-08-03,2.215
"1044",2010-08-04,2.219
"1045",2010-08-05,2.209
"1046",2010-08-06,2.189
"1047",2010-08-09,2.186
"1048",2010-08-10,2.163
"1049",2010-08-11,2.101
"1050",2010-08-12,2.04
"1051",2010-08-13,2.044
"1052",2010-08-16,2.03
"1053",2010-08-17,2.064
"1054",2010-08-18,2.07
"1055",2010-08-19,2.062
"1056",2010-08-20,2.032
"1057",2010-08-23,2.011
"1058",2010-08-24,1.986
"1059",2010-08-25,2.029
"1060",2010-08-26,2.048
"1061",2010-08-27,2.094
"1062",2010-08-30,2.06
"1063",2010-08-31,2.013
"1064",2010-09-01,2.068
"1065",2010-09-02,2.084
"1066",2010-09-03,2.079
"1067",2010-09-07,2.089
"1068",2010-09-08,2.089
"1069",2010-09-09,2.091
"1070",2010-09-10,2.144
"1071",2010-09-13,2.154
"1072",2010-09-14,2.148
"1073",2010-09-15,2.151
"1074",2010-09-16,2.109
"1075",2010-09-17,2.113
"1076",2010-09-20,2.163
"1077",2010-09-21,2.133
"1078",2010-09-22,2.107
"1079",2010-09-23,2.106
"1080",2010-09-24,2.147
"1081",2010-09-27,2.136
"1082",2010-09-28,2.141
"1083",2010-09-29,2.214
"1084",2010-09-30,2.264
"1085",2010-10-01,2.297
"1086",2010-10-04,2.291
"1087",2010-10-05,2.295
"1088",2010-10-06,2.295
"1089",2010-10-07,2.239
"1090",2010-10-08,2.274
"1091",2010-10-11,2.252
"1092",2010-10-12,2.234
"1093",2010-10-13,2.27
"1094",2010-10-14,2.269
"1095",2010-10-15,2.217
"1096",2010-10-18,2.258
"1097",2010-10-19,2.169
"1098",2010-10-20,2.229
"1099",2010-10-21,2.225
"1100",2010-10-22,2.266
"1101",2010-10-25,2.262
"1102",2010-10-26,2.26
"1103",2010-10-27,2.243
"1104",2010-10-28,2.234
"1105",2010-10-29,2.208
"1106",2010-11-01,2.248
"1107",2010-11-02,2.275
"1108",2010-11-03,2.317
"1109",2010-11-04,2.359
"1110",2010-11-05,2.371
"1111",2010-11-08,2.379
"1112",2010-11-09,2.398
"1113",2010-11-10,2.434
"1114",2010-11-11,2.434
"1115",2010-11-12,2.348
"1116",2010-11-13,2.345
"1117",2010-11-15,2.351
"1118",2010-11-16,2.296
"1119",2010-11-17,2.237
"1120",2010-11-18,2.295
"1121",2010-11-19,2.267
"1122",2010-11-20,2.264
"1123",2010-11-22,2.265
"1124",2010-11-23,2.265
"1125",2010-11-24,2.34
"1126",2010-11-26,2.331
"1127",2010-11-29,2.347
"1128",2010-11-30,2.296
"1129",2010-12-01,2.387
"1130",2010-12-02,2.428
"1131",2010-12-03,2.458
"1132",2010-12-06,2.432
"1133",2010-12-07,2.408
"1134",2010-12-08,2.406
"1135",2010-12-09,2.434
"1136",2010-12-10,2.42
"1137",2010-12-13,2.421
"1138",2010-12-14,2.438
"1139",2010-12-15,2.453
"1140",2010-12-16,2.449
"1141",2010-12-17,2.439
"1142",2010-12-20,2.432
"1143",2010-12-21,2.435
"1144",2010-12-22,2.43
"1145",2010-12-23,2.534
"1146",2010-12-27,2.501
"1147",2010-12-28,2.5
"1148",2010-12-29,2.459
"1149",2010-12-30,2.442
"1150",2010-12-31,2.506
"1151",2011-01-03,2.506
"1152",2011-01-04,2.449
"1153",2011-01-05,2.499
"1154",2011-01-06,2.499
"1155",2011-01-07,2.492
"1156",2011-01-10,2.565
"1157",2011-01-11,2.618
"1158",2011-01-12,2.618
"1159",2011-01-13,2.629
"1160",2011-01-14,2.66
"1161",2011-01-18,2.651
"1162",2011-01-19,2.656
"1163",2011-01-20,2.62
"1164",2011-01-21,2.654
"1165",2011-01-24,2.603
"1166",2011-01-25,2.595
"1167",2011-01-26,2.676
"1168",2011-01-27,2.655
"1169",2011-01-28,2.675
"1170",2011-01-31,2.695
"1171",2011-02-01,2.721
"1172",2011-02-02,2.762
"1173",2011-02-03,2.75
"1174",2011-02-04,2.718
"1175",2011-02-07,2.71
"1176",2011-02-08,2.747
"1177",2011-02-09,2.783
"1178",2011-02-10,2.752
"1179",2011-02-11,2.726
"1180",2011-02-14,2.771
"1181",2011-02-15,2.752
"1182",2011-02-16,2.795
"1183",2011-02-17,2.706
"1184",2011-02-18,2.761
"1185",2011-02-22,2.835
"1186",2011-02-23,2.948
"1187",2011-02-24,2.897
"1188",2011-02-25,2.966
"1189",2011-02-28,2.968
"1190",2011-03-01,3.074
"1191",2011-03-02,3.1
"1192",2011-03-03,3.092
"1193",2011-03-04,3.131
"1194",2011-03-07,3.091
"1195",2011-03-08,3.05
"1196",2011-03-09,3.095
"1197",2011-03-10,3.06
"1198",2011-03-11,3.056
"1199",2011-03-14,3.097
"1200",2011-03-15,2.988
"1201",2011-03-16,3.029
"1202",2011-03-17,3.086
"1203",2011-03-18,3.055
"1204",2011-03-21,3.07
"1205",2011-03-22,3.102
"1206",2011-03-23,3.087
"1207",2011-03-24,3.1
"1208",2011-03-25,3.112
"1209",2011-03-28,3.08
"1210",2011-03-29,3.089
"1211",2011-03-30,3.086
"1212",2011-03-31,3.128
"1213",2011-04-01,3.17
"1214",2011-04-04,3.19
"1215",2011-04-05,3.205
"1216",2011-04-06,3.221
"1217",2011-04-07,3.228
"1218",2011-04-08,3.343
"1219",2011-04-11,3.259
"1220",2011-04-12,3.188
"1221",2011-04-13,3.218
"1222",2011-04-14,3.218
"1223",2011-04-15,3.249
"1224",2011-04-18,3.209
"1225",2011-04-19,3.172
"1226",2011-04-20,3.237
"1227",2011-04-21,3.222
"1228",2011-04-25,3.212
"1229",2011-04-26,3.243
"1230",2011-04-27,3.274
"1231",2011-04-28,3.265
"1232",2011-04-29,3.306
"1233",2011-05-02,3.281
"1234",2011-05-03,3.222
"1235",2011-05-04,3.163
"1236",2011-05-05,2.917
"1237",2011-05-06,2.905
"1238",2011-05-09,3.016
"1239",2011-05-10,3.054
"1240",2011-05-11,2.967
"1241",2011-05-12,2.952
"1242",2011-05-13,2.993
"1243",2011-05-16,2.917
"1244",2011-05-17,2.89
"1245",2011-05-18,2.925
"1246",2011-05-19,2.921
"1247",2011-05-20,2.948
"1248",2011-05-23,2.874
"1249",2011-05-24,2.936
"1250",2011-05-25,3.011
"1251",2011-05-26,3.017
"1252",2011-05-27,3.029
"1253",2011-05-31,3.081
"1254",2011-06-01,3.051
"1255",2011-06-02,3.072
"1256",2011-06-03,3.087
"1257",2011-06-06,3.039
"1258",2011-06-07,3.102
"1259",2011-06-08,3.119
"1260",2011-06-09,3.166
"1261",2011-06-10,3.13
"1262",2011-06-13,3.127
"1263",2011-06-14,3.158
"1264",2011-06-15,3.033
"1265",2011-06-16,3.043
"1266",2011-06-17,3.027
"1267",2011-06-20,2.971
"1268",2011-06-21,2.915
"1269",2011-06-22,2.981
"1270",2011-06-23,2.865
"1271",2011-06-24,2.814
"1272",2011-06-27,2.818
"1273",2011-06-28,2.863
"1274",2011-06-29,2.967
"1275",2011-06-30,2.979
"1276",2011-07-01,2.961
"1277",2011-07-05,2.997
"1278",2011-07-06,3.008
"1279",2011-07-07,3.137
"1280",2011-07-08,3.139
"1281",2011-07-11,3.128
"1282",2011-07-12,3.115
"1283",2011-07-13,3.137
"1284",2011-07-14,3.135
"1285",2011-07-15,3.169
"1286",2011-07-18,3.119
"1287",2011-07-19,3.144
"1288",2011-07-20,3.158
"1289",2011-07-21,3.15
"1290",2011-07-22,3.168
"1291",2011-07-25,3.144
"1292",2011-07-26,3.15
"1293",2011-07-27,3.124
"1294",2011-07-28,3.132
"1295",2011-07-29,3.124
"1296",2011-08-01,3.13
"1297",2011-08-02,3.115
"1298",2011-08-03,3.055
"1299",2011-08-04,2.924
"1300",2011-08-05,2.968
"1301",2011-08-08,2.84
"1302",2011-08-09,2.838
"1303",2011-08-10,2.863
"1304",2011-08-11,2.924
"1305",2011-08-12,2.936
"1306",2011-08-15,2.971
"1307",2011-08-16,2.966
"1308",2011-08-17,2.982
"1309",2011-08-18,2.891
"1310",2011-08-19,2.933
"1311",2011-08-22,2.922
"1312",2011-08-23,2.971
"1313",2011-08-24,2.973
"1314",2011-08-25,2.994
"1315",2011-08-26,3.022
"1316",2011-08-29,3.028
"1317",2011-08-30,3.082
"1318",2011-08-31,3.086
"1319",2011-09-01,3.06
"1320",2011-09-02,3.015
"1321",2011-09-06,3.031
"1322",2011-09-07,3.065
"1323",2011-09-08,3.033
"1324",2011-09-09,2.945
"1325",2011-09-12,2.928
"1326",2011-09-13,2.912
"1327",2011-09-14,2.942
"1328",2011-09-15,3.024
"1329",2011-09-16,2.997
"1330",2011-09-19,2.948
"1331",2011-09-20,2.956
"1332",2011-09-21,2.919
"1333",2011-09-22,2.85
"1334",2011-09-23,2.82
"1335",2011-09-26,2.835
"1336",2011-09-27,2.893
"1337",2011-09-28,2.842
"1338",2011-09-29,2.859
"1339",2011-09-30,2.812
"1340",2011-10-03,2.775
"1341",2011-10-04,2.798
"1342",2011-10-05,2.79
"1343",2011-10-06,2.871
"1344",2011-10-07,2.868
"1345",2011-10-10,2.908
"1346",2011-10-11,2.891
"1347",2011-10-12,2.917
"1348",2011-10-13,2.972
"1349",2011-10-14,3.059
"1350",2011-10-17,2.986
"1351",2011-10-18,3.01
"1352",2011-10-19,2.982
"1353",2011-10-20,3.028
"1354",2011-10-21,3.012
"1355",2011-10-24,3.038
"1356",2011-10-25,3.028
"1357",2011-10-26,3.009
"1358",2011-10-27,3.088
"1359",2011-10-28,3.062
"1360",2011-10-31,3.06
"1361",2011-11-01,3.021
"1362",2011-11-02,3.001
"1363",2011-11-03,3.041
"1364",2011-11-04,3.077
"1365",2011-11-07,3.124
"1366",2011-11-08,3.109
"1367",2011-11-09,3.095
"1368",2011-11-10,3.131
"1369",2011-11-11,3.173
"1370",2011-11-14,3.151
"1371",2011-11-15,3.154
"1372",2011-11-16,3.083
"1373",2011-11-17,3.05
"1374",2011-11-18,3.019
"1375",2011-11-21,2.971
"1376",2011-11-22,2.998
"1377",2011-11-23,2.933
"1378",2011-11-25,2.911
"1379",2011-11-28,2.937
"1380",2011-11-29,2.99
"1381",2011-11-30,3.001
"1382",2011-12-01,2.969
"1383",2011-12-02,2.955
"1384",2011-12-05,2.944
"1385",2011-12-06,2.98
"1386",2011-12-07,2.923
"1387",2011-12-08,2.872
"1388",2011-12-09,2.838
"1389",2011-12-12,2.849
"1390",2011-12-13,2.879
"1391",2011-12-14,2.768
"1392",2011-12-15,2.769
"1393",2011-12-16,2.778
"1394",2011-12-19,2.749
"1395",2011-12-20,2.869
"1396",2011-12-21,2.893
"1397",2011-12-22,2.885
"1398",2011-12-23,2.89
"1399",2011-12-27,2.899
"1400",2011-12-28,2.896
"1401",2011-12-29,2.923
"1402",2011-12-30,2.914
"1403",2012-01-03,3.037
"1404",2012-01-04,3.082
"1405",2012-01-05,3.03
"1406",2012-01-06,3.069
"1407",2012-01-09,3.054
"1408",2012-01-10,3.088
"1409",2012-01-11,3.056
"1410",2012-01-12,3.034
"1411",2012-01-13,3.028
"1412",2012-01-17,3.019
"1413",2012-01-18,3.008
"1414",2012-01-19,3.026
"1415",2012-01-20,2.983
"1416",2012-01-23,2.99
"1417",2012-01-24,3.005
"1418",2012-01-25,3.015
"1419",2012-01-26,3.034
"1420",2012-01-27,3.056
"1421",2012-01-30,3.03
"1422",2012-01-31,3.041
"1423",2012-02-01,3.032
"1424",2012-02-02,3.035
"1425",2012-02-03,3.086
"1426",2012-02-06,3.159
"1427",2012-02-07,3.157
"1428",2012-02-08,3.152
"1429",2012-02-09,3.171
"1430",2012-02-10,3.147
"1431",2012-02-13,3.133
"1432",2012-02-14,3.148
"1433",2012-02-15,3.179
"1434",2012-02-16,3.202
"1435",2012-02-17,3.192
"1436",2012-02-21,3.232
"1437",2012-02-22,3.267
"1438",2012-02-23,3.281
"1439",2012-02-24,3.298
"1440",2012-02-27,3.257
"1441",2012-02-28,3.229
"1442",2012-02-29,3.196
"1443",2012-03-01,3.283
"1444",2012-03-02,3.224
"1445",2012-03-05,3.235
"1446",2012-03-06,3.211
"1447",2012-03-07,3.245
"1448",2012-03-08,3.293
"1449",2012-03-09,3.299
"1450",2012-03-12,3.283
"1451",2012-03-13,3.303
"1452",2012-03-14,3.302
"1453",2012-03-15,3.27
"1454",2012-03-16,3.333
"1455",2012-03-19,3.303
"1456",2012-03-20,3.293
"1457",2012-03-21,3.253
"1458",2012-03-22,3.221
"1459",2012-03-23,3.262
"1460",2012-03-26,3.289
"1461",2012-03-27,3.28
"1462",2012-03-28,3.278
"1463",2012-03-29,3.231
"1464",2012-03-30,3.247
"1465",2012-04-02,3.32
"1466",2012-04-03,3.302
"1467",2012-04-04,3.229
"1468",2012-04-05,3.23
"1469",2012-04-09,3.208
"1470",2012-04-10,3.168
"1471",2012-04-11,3.177
"1472",2012-04-12,3.243
"1473",2012-04-13,3.251
"1474",2012-04-16,3.194
"1475",2012-04-17,3.19
"1476",2012-04-18,3.181
"1477",2012-04-19,3.162
"1478",2012-04-20,3.176
"1479",2012-04-23,3.199
"1480",2012-04-24,3.19
"1481",2012-04-25,3.215
"1482",2012-04-26,3.246
"1483",2012-04-27,3.231
"1484",2012-04-30,3.23
"1485",2012-05-01,3.211
"1486",2012-05-02,3.185
"1487",2012-05-03,3.13
"1488",2012-05-04,3.048
"1489",2012-05-07,3.013
"1490",2012-05-08,3.029
"1491",2012-05-09,3.033
"1492",2012-05-10,3.026
"1493",2012-05-11,3.006
"1494",2012-05-14,2.954
"1495",2012-05-15,2.953
"1496",2012-05-16,2.917
"1497",2012-05-17,2.86
"1498",2012-05-18,2.854
"1499",2012-05-21,2.883
"1500",2012-05-22,2.868
"1501",2012-05-23,2.848
"1502",2012-05-24,2.852
"1503",2012-05-25,2.851
"1504",2012-05-29,2.834
"1505",2012-05-30,2.757
"1506",2012-05-31,2.73
"1507",2012-06-01,2.667
"1508",2012-06-04,2.653
"1509",2012-06-05,2.667
"1510",2012-06-06,2.707
"1511",2012-06-07,2.685
"1512",2012-06-08,2.714
"1513",2012-06-11,2.644
"1514",2012-06-12,2.654
"1515",2012-06-13,2.65
"1516",2012-06-14,2.683
"1517",2012-06-15,2.703
"1518",2012-06-18,2.673
"1519",2012-06-19,2.702
"1520",2012-06-20,2.656
"1521",2012-06-21,2.588
"1522",2012-06-22,2.62
"1523",2012-06-25,2.601
"1524",2012-06-26,2.641
"1525",2012-06-27,2.658
"1526",2012-06-29,2.779
"1527",2012-07-02,2.751
"1528",2012-07-03,2.832
"1529",2012-07-05,2.843
"1530",2012-07-06,2.807
"1531",2012-07-09,2.838
"1532",2012-07-10,2.828
"1533",2012-07-11,2.861
"1534",2012-07-12,2.826
"1535",2012-07-13,2.852
"1536",2012-07-16,2.896
"1537",2012-07-17,2.892
"1538",2012-07-18,2.936
"1539",2012-07-19,2.999
"1540",2012-07-20,2.988
"1541",2012-07-23,2.878
"1542",2012-07-24,2.88
"1543",2012-07-25,2.891
"1544",2012-07-26,2.914
"1545",2012-07-27,2.943
"1546",2012-07-30,2.928
"1547",2012-07-31,2.882
"1548",2012-08-01,2.922
"1549",2012-08-02,2.919
"1550",2012-08-03,3.011
"1551",2012-08-06,3.028
"1552",2012-08-07,3.071
"1553",2012-08-08,3.091
"1554",2012-08-09,3.137
"1555",2012-08-10,3.12
"1556",2012-08-13,3.112
"1557",2012-08-14,3.124
"1558",2012-08-15,3.173
"1559",2012-08-16,3.195
"1560",2012-08-17,3.178
"1561",2012-08-20,3.175
"1562",2012-08-21,3.212
"1563",2012-08-22,3.22
"1564",2012-08-23,3.21
"1565",2012-08-24,3.197
"1566",2012-08-27,3.217
"1567",2012-08-28,3.245
"1568",2012-08-29,3.227
"1569",2012-08-30,3.228
"1570",2012-08-31,3.279
"1571",2012-09-04,3.24
"1572",2012-09-05,3.2
"1573",2012-09-06,3.193
"1574",2012-09-07,3.22
"1575",2012-09-10,3.222
"1576",2012-09-11,3.247
"1577",2012-09-12,3.248
"1578",2012-09-13,3.25
"1579",2012-09-14,3.274
"1580",2012-09-17,3.175
"1581",2012-09-18,3.136
"1582",2012-09-19,3.065
"1583",2012-09-20,3.13
"1584",2012-09-21,3.17
"1585",2012-09-24,3.129
"1586",2012-09-25,3.135
"1587",2012-09-26,3.134
"1588",2012-09-27,3.178
"1589",2012-09-28,3.186
"1590",2012-10-01,3.179
"1591",2012-10-02,3.18
"1592",2012-10-03,3.117
"1593",2012-10-04,3.241
"1594",2012-10-05,3.228
"1595",2012-10-08,3.229
"1596",2012-10-09,3.268
"1597",2012-10-10,3.258
"1598",2012-10-11,3.3
"1599",2012-10-12,3.25
"1600",2012-10-15,3.219
"1601",2012-10-16,3.214
"1602",2012-10-17,3.195
"1603",2012-10-18,3.19
"1604",2012-10-19,3.119
"1605",2012-10-22,3.055
"1606",2012-10-23,3.031
"1607",2012-10-24,3.035
"1608",2012-10-25,3.053
"1609",2012-10-26,3.089
"1610",2012-10-29,3.094
"1611",2012-10-30,3.045
"1612",2012-10-31,3.018
"1613",2012-11-01,2.983
"1614",2012-11-02,2.925
"1615",2012-11-05,2.955
"1616",2012-11-06,2.982
"1617",2012-11-07,2.945
"1618",2012-11-08,2.926
"1619",2012-11-09,2.975
"1620",2012-11-12,2.968
"1621",2012-11-13,2.927
"1622",2012-11-14,2.973
"1623",2012-11-15,2.926
"1624",2012-11-16,2.969
"1625",2012-11-19,3.067
"1626",2012-11-20,3.063
"1627",2012-11-21,3.091
"1628",2012-11-23,3.087
"1629",2012-11-26,3.061
"1630",2012-11-27,3.033
"1631",2012-11-28,3.021
"1632",2012-11-29,3.032
"1633",2012-11-30,3.035
"1634",2012-12-03,3.02
"1635",2012-12-04,2.975
"1636",2012-12-05,2.99
"1637",2012-12-06,2.929
"1638",2012-12-07,2.906
"1639",2012-12-10,2.904
"1640",2012-12-11,2.92
"1641",2012-12-12,2.956
"1642",2012-12-13,2.924
"1643",2012-12-14,2.941
"1644",2012-12-17,2.886
"1645",2012-12-18,2.905
"1646",2012-12-19,2.933
"1647",2012-12-20,3.007
"1648",2012-12-21,2.99
"1649",2012-12-24,2.97
"1650",2012-12-26,3.012
"1651",2012-12-27,3.034
"1652",2012-12-28,3.014
"1653",2012-12-31,2.992
"1654",2013-01-02,2.998
"1655",2013-01-03,2.983
"1656",2013-01-04,3.003
"1657",2013-01-07,3.013
"1658",2013-01-08,3.033
"1659",2013-01-09,3.046
"1660",2013-01-10,3.027
"1661",2013-01-11,3.006
"1662",2013-01-14,3.064
"1663",2013-01-15,3.002
"1664",2013-01-16,3.007
"1665",2013-01-17,3.019
"1666",2013-01-18,3.054
"1667",2013-01-22,3.063
"1668",2013-01-23,3.073
"1669",2013-01-24,3.086
"1670",2013-01-25,3.05
"1671",2013-01-28,3.056
"1672",2013-01-29,3.109
"1673",2013-01-30,3.099
"1674",2013-01-31,3.144
"1675",2013-02-01,3.18
"1676",2013-02-04,3.167
"1677",2013-02-05,3.195
"1678",2013-02-06,3.193
"1679",2013-02-07,3.224
"1680",2013-02-08,3.264
"1681",2013-02-11,3.256
"1682",2013-02-12,3.284
"1683",2013-02-13,3.276
"1684",2013-02-14,3.289
"1685",2013-02-15,3.263
"1686",2013-02-19,3.235
"1687",2013-02-20,3.225
"1688",2013-02-21,3.173
"1689",2013-02-22,3.185
"1690",2013-02-25,3.151
"1691",2013-02-26,3.132
"1692",2013-02-27,3.066
"1693",2013-02-28,3.036
"1694",2013-03-01,3.015
"1695",2013-03-04,3.008
"1696",2013-03-05,3.069
"1697",2013-03-06,3.064
"1698",2013-03-07,3.056
"1699",2013-03-08,3.059
"1700",2013-03-11,3.041
"1701",2013-03-12,3.036
"1702",2013-03-13,3.005
"1703",2013-03-14,3
"1704",2013-03-15,3.008
"1705",2013-03-18,2.997
"1706",2013-03-19,2.931
"1707",2013-03-20,2.961
"1708",2013-03-21,2.958
"1709",2013-03-22,2.95
"1710",2013-03-25,2.941
"1711",2013-03-26,2.983
"1712",2013-03-27,3.029
"1713",2013-03-28,3.04
"1714",2013-04-01,3.062
"1715",2013-04-02,3.091
"1716",2013-04-03,3.022
"1717",2013-04-04,2.991
"1718",2013-04-05,2.932
"1719",2013-04-08,2.96
"1720",2013-04-09,2.963
"1721",2013-04-10,2.949
"1722",2013-04-11,2.894
"1723",2013-04-12,2.859
"1724",2013-04-15,2.784
"1725",2013-04-16,2.792
"1726",2013-04-17,2.721
"1727",2013-04-18,2.767
"1728",2013-04-19,2.779
"1729",2013-04-22,2.798
"1730",2013-04-23,2.79
"1731",2013-04-24,2.819
"1732",2013-04-25,2.863
"1733",2013-04-26,2.855
"1734",2013-04-29,2.854
"1735",2013-04-30,2.786
"1736",2013-05-01,2.744
"1737",2013-05-02,2.816
"1738",2013-05-03,2.846
"1739",2013-05-06,2.875
"1740",2013-05-07,2.884
"1741",2013-05-08,2.887
"1742",2013-05-09,2.903
"1743",2013-05-10,2.865
"1744",2013-05-13,2.846
"1745",2013-05-14,2.837
"1746",2013-05-15,2.839
"1747",2013-05-16,2.863
"1748",2013-05-17,2.879
"1749",2013-05-20,2.9
"1750",2013-05-21,2.87
"1751",2013-05-22,2.822
"1752",2013-05-23,2.813
"1753",2013-05-24,2.81
"1754",2013-05-28,2.868
"1755",2013-05-29,2.826
"1756",2013-05-30,2.804
"1757",2013-05-31,2.74
"1758",2013-06-03,2.804
"1759",2013-06-04,2.841
"1760",2013-06-05,2.826
"1761",2013-06-06,2.84
"1762",2013-06-07,2.869
"1763",2013-06-10,2.848
"1764",2013-06-11,2.822
"1765",2013-06-12,2.869
"1766",2013-06-13,2.909
"1767",2013-06-14,2.939
"1768",2013-06-17,2.929
"1769",2013-06-18,2.958
"1770",2013-06-19,2.935
"1771",2013-06-20,2.848
"1772",2013-06-21,2.823
"1773",2013-06-24,2.832
"1774",2013-06-25,2.823
"1775",2013-06-26,2.822
"1776",2013-06-27,2.848
"1777",2013-06-28,2.832
"1778",2013-07-01,2.849
"1779",2013-07-02,2.874
"1780",2013-07-03,2.918
"1781",2013-07-05,2.963
"1782",2013-07-08,2.94
"1783",2013-07-09,2.95
"1784",2013-07-10,2.96
"1785",2013-07-11,2.958
"1786",2013-07-12,2.996
"1787",2013-07-15,2.995
"1788",2013-07-16,3.012
"1789",2013-07-17,3.048
"1790",2013-07-18,3.077
"1791",2013-07-19,3.056
"1792",2013-07-22,3.029
"1793",2013-07-23,3.035
"1794",2013-07-24,3.002
"1795",2013-07-25,2.983
"1796",2013-07-26,2.97
"1797",2013-07-29,2.979
"1798",2013-07-30,2.972
"1799",2013-07-31,3.025
"1800",2013-08-01,3.063
"1801",2013-08-02,3.03
"1802",2013-08-05,3.011
"1803",2013-08-06,2.975
"1804",2013-08-07,2.926
"1805",2013-08-08,2.915
"1806",2013-08-09,2.955
"1807",2013-08-12,2.988
"1808",2013-08-13,3.009
"1809",2013-08-14,3.017
"1810",2013-08-15,3.04
"1811",2013-08-16,3.064
"1812",2013-08-19,3.039
"1813",2013-08-20,3.053
"1814",2013-08-21,3.056
"1815",2013-08-22,3.052
"1816",2013-08-23,3.074
"1817",2013-08-26,3.067
"1818",2013-08-27,3.137
"1819",2013-08-28,3.168
"1820",2013-08-29,3.14
"1821",2013-08-30,3.11
"1822",2013-09-03,3.116
"1823",2013-09-04,3.097
"1824",2013-09-05,3.101
"1825",2013-09-06,3.123
"1826",2013-09-09,3.071
"1827",2013-09-10,3.028
"1828",2013-09-11,3.047
"1829",2013-09-12,3.092
"1830",2013-09-13,3.086
"1831",2013-09-16,3.023
"1832",2013-09-17,2.95
"1833",2013-09-18,3.001
"1834",2013-09-19,2.969
"1835",2013-09-20,2.972
"1836",2013-09-23,2.913
"1837",2013-09-24,2.929
"1838",2013-09-25,2.931
"1839",2013-09-26,2.959
"1840",2013-09-27,2.944
"1841",2013-09-30,2.93
"1842",2013-10-01,2.906
"1843",2013-10-02,2.938
"1844",2013-10-03,2.942
"1845",2013-10-04,2.95
"1846",2013-10-07,2.958
"1847",2013-10-08,2.979
"1848",2013-10-09,2.962
"1849",2013-10-10,3.019
"1850",2013-10-11,2.98
"1851",2013-10-14,2.972
"1852",2013-10-15,2.955
"1853",2013-10-16,2.979
"1854",2013-10-17,2.929
"1855",2013-10-18,2.981
"1856",2013-10-21,2.96
"1857",2013-10-22,2.943
"1858",2013-10-23,2.862
"1859",2013-10-24,2.837
"1860",2013-10-25,2.848
"1861",2013-10-28,2.896
"1862",2013-10-29,2.901
"1863",2013-10-30,2.922
"1864",2013-10-31,2.899
"1865",2013-11-01,2.831
"1866",2013-11-04,2.814
"1867",2013-11-05,2.803
"1868",2013-11-06,2.79
"1869",2013-11-07,2.767
"1870",2013-11-08,2.802
"1871",2013-11-11,2.817
"1872",2013-11-12,2.784
"1873",2013-11-13,2.811
"1874",2013-11-14,2.845
"1875",2013-11-15,2.849
"1876",2013-11-18,2.826
"1877",2013-11-19,2.822
"1878",2013-11-20,2.867
"1879",2013-11-21,2.929
"1880",2013-11-22,2.961
"1881",2013-11-25,2.957
"1882",2013-11-26,2.966
"1883",2013-11-27,2.96
"1884",2013-11-29,2.941
"1885",2013-12-02,2.961
"1886",2013-12-03,2.97
"1887",2013-12-04,2.968
"1888",2013-12-05,2.967
"1889",2013-12-06,2.971
"1890",2013-12-09,2.921
"1891",2013-12-10,2.935
"1892",2013-12-11,2.935
"1893",2013-12-12,2.893
"1894",2013-12-13,2.888
"1895",2013-12-16,2.906
"1896",2013-12-17,2.886
"1897",2013-12-18,2.91
"1898",2013-12-19,2.938
"1899",2013-12-20,2.983
"1900",2013-12-23,2.973
"1901",2013-12-24,2.995
"1902",2013-12-26,3.012
"1903",2013-12-27,3.039
"1904",2013-12-30,2.975
"1905",2013-12-31,2.997
"1906",2014-01-02,2.918
"1907",2014-01-03,2.875
"1908",2014-01-06,2.879
"1909",2014-01-07,2.907
"1910",2014-01-08,2.895
"1911",2014-01-09,2.868
"1912",2014-01-10,2.884
"1913",2014-01-13,2.925
"1914",2014-01-14,2.934
"1915",2014-01-15,2.908
"1916",2014-01-16,2.904
"1917",2014-01-17,2.934
"1918",2014-01-21,2.884
"1919",2014-01-22,2.896
"1920",2014-01-23,2.961
"1921",2014-01-24,2.95
"1922",2014-01-27,2.904
"1923",2014-01-28,2.927
"1924",2014-01-29,2.953
"1925",2014-01-30,2.955
"1926",2014-01-31,2.917
"1927",2014-02-03,2.908
"1928",2014-02-04,2.894
"1929",2014-02-05,2.892
"1930",2014-02-06,2.906
"1931",2014-02-07,2.975
"1932",2014-02-10,2.926
"1933",2014-02-11,2.975
"1934",2014-02-12,2.95
"1935",2014-02-13,2.982
"1936",2014-02-14,3.017
"1937",2014-02-18,3.019
"1938",2014-02-19,3.062
"1939",2014-02-20,3.079
"1940",2014-02-21,2.965
"1941",2014-02-24,2.954
"1942",2014-02-25,3.025
"1943",2014-02-26,2.986
"1944",2014-02-27,2.962
"1945",2014-02-28,3.006
"1946",2014-03-03,3.062
"1947",2014-03-04,3.018
"1948",2014-03-05,2.973
"1949",2014-03-06,2.984
"1950",2014-03-07,2.979
"1951",2014-03-10,2.926
"1952",2014-03-11,2.92
"1953",2014-03-12,2.883
"1954",2014-03-13,2.883
"1955",2014-03-14,2.899
"1956",2014-03-17,2.851
"1957",2014-03-18,2.869
"1958",2014-03-19,2.862
"1959",2014-03-20,2.879
"1960",2014-03-21,2.889
"1961",2014-03-24,2.875
"1962",2014-03-25,2.882
"1963",2014-03-26,2.879
"1964",2014-03-27,2.915
"1965",2014-03-28,2.921
"1966",2014-03-31,2.903
"1967",2014-04-01,2.856
"1968",2014-04-02,2.839
"1969",2014-04-03,2.882
"1970",2014-04-04,2.885
"1971",2014-04-07,2.869
"1972",2014-04-08,2.904
"1973",2014-04-09,2.928
"1974",2014-04-10,2.911
"1975",2014-04-11,2.902
"1976",2014-04-14,2.952
"1977",2014-04-15,2.964
"1978",2014-04-16,2.989
"1979",2014-04-17,2.996
"1980",2014-04-21,3.009
"1981",2014-04-22,2.994
"1982",2014-04-23,2.969
"1983",2014-04-24,2.99
"1984",2014-04-25,2.959
"1985",2014-04-28,2.928
"1986",2014-04-29,2.941
"1987",2014-04-30,2.91
"1988",2014-05-01,2.897
"1989",2014-05-02,2.902
"1990",2014-05-05,2.885
"1991",2014-05-06,2.871
"1992",2014-05-07,2.908
"1993",2014-05-08,2.899
"1994",2014-05-09,2.887
"1995",2014-05-12,2.898
"1996",2014-05-13,2.923
"1997",2014-05-14,2.929
"1998",2014-05-15,2.921
"1999",2014-05-16,2.924
"2000",2014-05-19,2.909
"2001",2014-05-20,2.914
"2002",2014-05-21,2.92
"2003",2014-05-22,2.919
"2004",2014-05-23,2.926
"2005",2014-05-27,2.913
"2006",2014-05-28,2.898
"2007",2014-05-29,2.891
"2008",2014-05-30,2.859
"2009",2014-06-02,2.845
"2010",2014-06-03,2.833
"2011",2014-06-04,2.819
"2012",2014-06-05,2.847
"2013",2014-06-06,2.842
"2014",2014-06-09,2.853
"2015",2014-06-10,2.848
"2016",2014-06-11,2.853
"2017",2014-06-12,2.945
"2018",2014-06-13,2.938
"2019",2014-06-16,2.947
"2020",2014-06-17,2.956
"2021",2014-06-18,2.986
"2022",2014-06-19,3.006
"2023",2014-06-20,3.01
"2024",2014-06-23,2.986
"2025",2014-06-24,2.995
"2026",2014-06-25,3.005
"2027",2014-06-26,2.969
"2028",2014-06-27,2.947
"2029",2014-06-30,2.917
"2030",2014-07-01,2.913
"2031",2014-07-02,2.883
"2032",2014-07-03,2.875
"2033",2014-07-07,2.854
"2034",2014-07-08,2.827
"2035",2014-07-09,2.824
"2036",2014-07-10,2.857
"2037",2014-07-11,2.823
"2038",2014-07-14,2.829
"2039",2014-07-15,2.804
"2040",2014-07-16,2.813
"2041",2014-07-17,2.82
"2042",2014-07-18,2.81
"2043",2014-07-21,2.821
"2044",2014-07-22,2.814
"2045",2014-07-23,2.84
"2046",2014-07-24,2.834
"2047",2014-07-25,2.879
"2048",2014-07-28,2.848
"2049",2014-07-29,2.869
"2050",2014-07-30,2.845
"2051",2014-07-31,2.851
"2052",2014-08-01,2.826
"2053",2014-08-04,2.833
"2054",2014-08-05,2.812
"2055",2014-08-06,2.845
"2056",2014-08-07,2.876
"2057",2014-08-08,2.846
"2058",2014-08-11,2.853
"2059",2014-08-12,2.815
"2060",2014-08-13,2.868
"2061",2014-08-14,2.793
"2062",2014-08-15,2.803
"2063",2014-08-18,2.775
"2064",2014-08-19,2.784
"2065",2014-08-20,2.794
"2066",2014-08-21,2.81
"2067",2014-08-22,2.806
"2068",2014-08-25,2.811
"2069",2014-08-26,2.817
"2070",2014-08-27,2.834
"2071",2014-08-28,2.816
"2072",2014-08-29,2.825
"2073",2014-09-02,2.774
"2074",2014-09-03,2.827
"2075",2014-09-04,2.805
"2076",2014-09-05,2.787
"2077",2014-09-08,2.777
"2078",2014-09-09,2.753
"2079",2014-09-10,2.721
"2080",2014-09-11,2.717
"2081",2014-09-12,2.701
"2082",2014-09-15,2.699
"2083",2014-09-16,2.714
"2084",2014-09-17,2.701
"2085",2014-09-18,2.672
"2086",2014-09-19,2.677
"2087",2014-09-22,2.649
"2088",2014-09-23,2.642
"2089",2014-09-24,2.656
"2090",2014-09-25,2.66
"2091",2014-09-26,2.668
"2092",2014-09-29,2.67
"2093",2014-10-03,2.593
"2094",2014-10-06,2.598
"2095",2014-10-07,2.575
"2096",2014-10-08,2.553
"2097",2014-10-09,2.492
"2098",2014-10-10,2.532
"2099",2014-10-13,2.513
"2100",2014-10-14,2.454
"2101",2014-10-15,2.44
"2102",2014-10-16,2.448
"2103",2014-10-17,2.479
"2104",2014-10-20,2.468
"2105",2014-10-21,2.507
"2106",2014-10-22,2.431
"2107",2014-10-23,2.446
"2108",2014-10-24,2.425
"2109",2014-10-27,2.411
"2110",2014-10-28,2.435
"2111",2014-10-29,2.47
"2112",2014-10-30,2.477
"2113",2014-10-31,2.482
"2114",2014-11-03,2.454
"2115",2014-11-04,2.413
"2116",2014-11-05,2.395
"2117",2014-11-06,2.416
"2118",2014-11-07,2.446
"2119",2014-11-10,2.408
"2120",2014-11-11,2.405
"2121",2014-11-12,2.359
"2122",2014-11-13,2.277
"2123",2014-11-14,2.334
"2124",2014-11-17,2.293
"2125",2014-11-18,2.263
"2126",2014-11-19,2.244
"2127",2014-11-20,2.252
"2128",2014-11-21,2.277
"2129",2014-11-24,2.265
"2130",2014-11-25,2.223
"2131",2014-11-26,2.206
"2132",2014-11-28,2.036
"2133",2014-12-01,2.097
"2134",2014-12-02,2.015
"2135",2014-12-03,1.985
"2136",2014-12-04,1.957
"2137",2014-12-05,1.941
"2138",2014-12-08,1.902
"2139",2014-12-09,1.911
"2140",2014-12-10,1.877
"2141",2014-12-11,1.824
"2142",2014-12-12,1.78
"2143",2014-12-15,1.687
"2144",2014-12-16,1.68
"2145",2014-12-17,1.714
"2146",2014-12-18,1.689
"2147",2014-12-19,1.719
"2148",2014-12-22,1.658
"2149",2014-12-23,1.699
"2150",2014-12-24,1.654
"2151",2014-12-26,1.645
"2152",2014-12-29,1.6
"2153",2014-12-30,1.581
"2154",2014-12-31,1.644
"2155",2015-01-02,1.589
"2156",2015-01-05,1.538
"2157",2015-01-06,1.535
"2158",2015-01-07,1.549
"2159",2015-01-08,1.559
"2160",2015-01-09,1.536
"2161",2015-01-12,1.485
"2162",2015-01-13,1.444
"2163",2015-01-14,1.473
"2164",2015-01-15,1.486
"2165",2015-01-16,1.532
"2166",2015-01-20,1.503
"2167",2015-01-21,1.514
"2168",2015-01-22,1.519
"2169",2015-01-23,1.558
"2170",2015-01-26,1.552
"2171",2015-01-27,1.559
"2172",2015-01-28,1.535
"2173",2015-01-29,1.529
"2174",2015-01-30,1.628
"2175",2015-02-02,1.697
"2176",2015-02-03,1.764
"2177",2015-02-04,1.708
"2178",2015-02-05,1.74
"2179",2015-02-06,1.782
"2180",2015-02-09,1.814
"2181",2015-02-10,1.79
"2182",2015-02-11,1.768
"2183",2015-02-12,1.86
"2184",2015-02-13,1.895
"2185",2015-02-17,1.875
"2186",2015-02-18,1.857
"2187",2015-02-19,1.861
"2188",2015-02-20,1.951
"2189",2015-02-23,1.914
"2190",2015-02-24,1.633
"2191",2015-02-25,1.914
"2192",2015-02-26,1.971
"2193",2015-02-27,1.861
"2194",2015-03-02,1.829
"2195",2015-03-03,1.87
"2196",2015-03-04,1.816
"2197",2015-03-05,1.829
"2198",2015-03-06,1.813
"2199",2015-03-09,1.772
"2200",2015-03-10,1.755
"2201",2015-03-11,1.76
"2202",2015-03-12,1.711
"2203",2015-03-13,1.641
"2204",2015-03-16,1.636
"2205",2015-03-17,1.628
"2206",2015-03-18,1.709
"2207",2015-03-19,1.643
"2208",2015-03-20,1.646
"2209",2015-03-23,1.646
"2210",2015-03-24,1.631
"2211",2015-03-25,1.644
"2212",2015-03-26,1.713
"2213",2015-03-27,1.658
"2214",2015-03-30,1.669
"2215",2015-03-31,1.625
"2216",2015-04-01,1.656
"2217",2015-04-02,1.619
"2218",2015-04-06,1.682
"2219",2015-04-07,1.699
"2220",2015-04-08,1.631
"2221",2015-04-09,1.665
"2222",2015-04-10,1.709
"2223",2015-04-13,1.725
"2224",2015-04-14,1.746
"2225",2015-04-15,1.817
"2226",2015-04-16,1.844
"2227",2015-04-17,1.833
"2228",2015-04-20,1.818
"2229",2015-04-21,1.791
"2230",2015-04-22,1.81
"2231",2015-04-23,1.859
"2232",2015-04-24,1.864
"2233",2015-04-27,1.859
"2234",2015-04-28,1.861
"2235",2015-04-29,1.881
"2236",2015-04-30,1.92
"2237",2015-05-01,1.933
"2238",2015-05-04,1.937
"2239",2015-05-05,1.977
"2240",2015-05-06,1.974
"2241",2015-05-07,1.923
"2242",2015-05-08,1.917
"2243",2015-05-11,1.902
"2244",2015-05-12,1.948
"2245",2015-05-13,1.951
"2246",2015-05-14,1.958
"2247",2015-05-15,1.959
"2248",2015-05-18,1.946
"2249",2015-05-19,1.887
"2250",2015-05-20,1.891
"2251",2015-05-21,1.935
"2252",2015-05-22,1.906
"2253",2015-05-26,1.854
"2254",2015-05-27,1.814
"2255",2015-05-28,1.828
"2256",2015-05-29,1.902
"2257",2015-06-01,1.88
"2258",2015-06-02,1.891
"2259",2015-06-03,1.834
"2260",2015-06-04,1.786
"2261",2015-06-05,1.794
"2262",2015-06-08,1.742
"2263",2015-06-09,1.827
"2264",2015-06-10,1.851
"2265",2015-06-11,1.832
"2266",2015-06-12,1.803
"2267",2015-06-15,1.781
"2268",2015-06-16,1.789
"2269",2015-06-17,1.798
"2270",2015-06-18,1.825
"2271",2015-06-19,1.77
"2272",2015-06-22,1.749
"2273",2015-06-23,1.796
"2274",2015-06-24,1.793
"2275",2015-06-25,1.775
"2276",2015-06-26,1.771
"2277",2015-06-29,1.743
"2278",2015-06-30,1.804
"2279",2015-07-01,1.763
"2280",2015-07-02,1.77
"2281",2015-07-06,1.663
"2282",2015-07-07,1.664
"2283",2015-07-08,1.654
"2284",2015-07-09,1.677
"2285",2015-07-10,1.675
"2286",2015-07-13,1.648
"2287",2015-07-14,1.642
"2288",2015-07-15,1.608
"2289",2015-07-16,1.602
"2290",2015-07-17,1.594
"2291",2015-07-20,1.591
"2292",2015-07-21,1.618
"2293",2015-07-22,1.605
"2294",2015-07-23,1.603
"2295",2015-07-24,1.573
"2296",2015-07-27,1.519
"2297",2015-07-28,1.538
"2298",2015-07-29,1.531
"2299",2015-07-30,1.528
"2300",2015-07-31,1.513
"2301",2015-08-03,1.468
"2302",2015-08-04,1.493
"2303",2015-08-05,1.48
"2304",2015-08-06,1.491
"2305",2015-08-07,1.472
"2306",2015-08-10,1.516
"2307",2015-08-11,1.5
"2308",2015-08-12,1.529
"2309",2015-08-13,1.514
"2310",2015-08-14,1.49
"2311",2015-08-17,1.491
"2312",2015-08-18,1.482
"2313",2015-08-19,1.443
"2314",2015-08-20,1.41
"2315",2015-08-21,1.402
"2316",2015-08-24,1.333
"2317",2015-08-25,1.323
"2318",2015-08-26,1.327
"2319",2015-08-27,1.443
"2320",2015-08-28,1.517
"2321",2015-08-31,1.595
"2322",2015-09-01,1.495
"2323",2015-09-02,1.531
"2324",2015-09-03,1.527
"2325",2015-09-04,1.505
"2326",2015-09-08,1.499
"2327",2015-09-09,1.458
"2328",2015-09-10,1.472
"2329",2015-09-11,1.452
"2330",2015-09-14,1.411
"2331",2015-09-15,1.398
"2332",2015-09-16,1.435
"2333",2015-09-17,1.42
"2334",2015-09-18,1.382
"2335",2015-09-21,1.38
"2336",2015-09-22,1.404
"2337",2015-09-23,1.394
"2338",2015-09-24,1.437
"2339",2015-09-25,1.423
"2340",2015-09-28,1.388
"2341",2015-09-29,1.41
"2342",2015-09-30,1.445
"2343",2015-10-01,1.44
"2344",2015-10-02,1.44
"2345",2015-10-05,1.474
"2346",2015-10-06,1.531
"2347",2015-10-07,1.494
"2348",2015-10-08,1.51
"2349",2015-10-09,1.485
"2350",2015-10-12,1.412
"2351",2015-10-13,1.379
"2352",2015-10-14,1.381
"2353",2015-10-15,1.406
"2354",2015-10-16,1.411
"2355",2015-10-19,1.365
"2356",2015-10-20,1.366
"2357",2015-10-21,1.366
"2358",2015-10-22,1.398
"2359",2015-10-23,1.381
"2360",2015-10-26,1.348
"2361",2015-10-27,1.345
"2362",2015-10-28,1.417
"2363",2015-10-29,1.409
"2364",2015-10-30,1.436
"2365",2015-11-02,1.427
"2366",2015-11-03,1.487
"2367",2015-11-04,1.482
"2368",2015-11-05,1.43
"2369",2015-11-06,1.434
"2370",2015-11-09,1.421
"2371",2015-11-10,1.427
"2372",2015-11-11,1.395
"2373",2015-11-12,1.341
"2374",2015-11-13,1.312
"2375",2015-11-16,1.298
"2376",2015-11-17,1.277
"2377",2015-11-18,1.282
"2378",2015-11-19,1.276
"2379",2015-11-20,1.273
"2380",2015-11-23,1.294
"2381",2015-11-24,1.319
"2382",2015-11-25,1.328
"2383",2015-11-26,1.328
"2384",2015-11-27,1.283
"2385",2015-11-30,1.262
"2386",2015-12-01,1.264
"2387",2015-12-02,1.2
"2388",2015-12-03,1.246
"2389",2015-12-04,1.234
"2390",2015-12-07,1.168
"2391",2015-12-08,1.154
"2392",2015-12-09,1.153
"2393",2015-12-10,1.123
"2394",2015-12-11,1.032
"2395",2015-12-14,0.981
"2396",2015-12-15,0.998
"2397",2015-12-16,0.99
"2398",2015-12-17,0.997
"2399",2015-12-18,1
"2400",2015-12-21,1.031
"2401",2015-12-22,1.033
"2402",2015-12-23,1.082
"2403",2015-12-24,1.062
"2404",2015-12-25,1.062
"2405",2015-12-28,1.041
"2406",2015-12-29,1.082
"2407",2015-12-30,1.049
"2408",2015-12-31,1.056
"2409",2016-01-01,1.056
"2410",2016-01-04,1.066
"2411",2016-01-05,1.067
"2412",2016-01-06,1.027
"2413",2016-01-07,1.012
"2414",2016-01-08,0.984
"2415",2016-01-11,0.955
"2416",2016-01-12,0.942
"2417",2016-01-13,0.92
"2418",2016-01-14,0.939
"2419",2016-01-15,0.896
"2420",2016-01-19,0.863
"2421",2016-01-20,0.827
"2422",2016-01-21,0.86
"2423",2016-01-22,0.954
"2424",2016-01-25,0.895
"2425",2016-01-26,0.934
"2426",2016-01-27,0.985
"2427",2016-01-28,1.012
"2428",2016-01-29,1.025
"2429",2016-02-01,0.994
"2430",2016-02-02,0.971
"2431",2016-02-03,1.057
"2432",2016-02-04,1.049
"2433",2016-02-05,1.024
"2434",2016-02-08,1.01
"2435",2016-02-09,0.944
"2436",2016-02-10,0.935
"2437",2016-02-11,0.955
"2438",2016-02-12,1.017
"2439",2016-02-16,0.977
"2440",2016-02-17,1.03
"2441",2016-02-18,1.026
"2442",2016-02-19,0.982
"2443",2016-02-22,1.004
"2444",2016-02-23,0.957
"2445",2016-02-24,0.989
"2446",2016-02-25,1.001
"2447",2016-02-26,0.992
"2448",2016-02-29,1.046
"2449",2016-03-01,1.039
"2450",2016-03-02,1.058
"2451",2016-03-03,1.072
"2452",2016-03-04,1.1
"2453",2016-03-07,1.151
"2454",2016-03-08,1.152
"2455",2016-03-09,1.186
"2456",2016-03-10,1.175
"2457",2016-03-11,1.169
"2458",2016-03-14,1.146
"2459",2016-03-15,1.106
"2460",2016-03-16,1.175
"2461",2016-03-17,1.196
"2462",2016-03-18,1.173
"2463",2016-03-21,1.163
"2464",2016-03-22,1.19
"2465",2016-03-23,1.135
"2466",2016-03-24,1.119
"2467",2016-03-28,1.089
"2468",2016-03-29,1.047
"2469",2016-03-30,1.07
"2470",2016-03-31,1.1
"2471",2016-04-01,1.063
"2472",2016-04-04,1.019
"2473",2016-04-05,1.001
"2474",2016-04-06,1.07
"2475",2016-04-07,1.061
"2476",2016-04-08,1.138
"2477",2016-04-11,1.165
"2478",2016-04-12,1.22
"2479",2016-04-13,1.211
"2480",2016-04-14,1.203
"2481",2016-04-15,1.195
"2482",2016-04-18,1.201
"2483",2016-04-19,1.222
"2484",2016-04-20,1.287
"2485",2016-04-21,1.267
"2486",2016-04-22,1.269
"2487",2016-04-25,1.258
"2488",2016-04-26,1.29
"2489",2016-04-27,1.336
"2490",2016-04-28,1.357
"2491",2016-04-29,1.34
"2492",2016-05-02,1.308
"2493",2016-05-03,1.293
"2494",2016-05-04,1.29
"2495",2016-05-05,1.285
"2496",2016-05-06,1.289
"2497",2016-05-09,1.235
"2498",2016-05-10,1.279
"2499",2016-05-11,1.346
"2500",2016-05-12,1.345
"2501",2016-05-13,1.355
"2502",2016-05-16,1.396
"2503",2016-05-17,1.429
"2504",2016-05-18,1.434
"2505",2016-05-19,1.43
"2506",2016-05-20,1.45
"2507",2016-05-23,1.436
"2508",2016-05-24,1.452
"2509",2016-05-25,1.47
"2510",2016-05-26,1.453
"2511",2016-05-27,1.45
"2512",2016-05-31,1.444
"2513",2016-06-01,1.457
"2514",2016-06-02,1.457
"2515",2016-06-03,1.443
"2516",2016-06-06,1.46
"2517",2016-06-07,1.498
"2518",2016-06-08,1.534
"2519",2016-06-09,1.51
"2520",2016-06-10,1.474
"2521",2016-06-13,1.466
"2522",2016-06-14,1.457
"2523",2016-06-15,1.427
"2524",2016-06-16,1.382
"2525",2016-06-17,1.446
"2526",2016-06-20,1.479
"2527",2016-06-21,1.473
"2528",2016-06-22,1.453
"2529",2016-06-23,1.479
"2530",2016-06-24,1.42
"2531",2016-06-27,1.401
"2532",2016-06-28,1.438
"2533",2016-06-29,1.501
"2534",2016-06-30,1.456
"2535",2016-07-01,1.476
"2536",2016-07-05,1.411
"2537",2016-07-06,1.431
"2538",2016-07-07,1.369
"2539",2016-07-08,1.372
"2540",2016-07-11,1.372
"2541",2016-07-12,1.413
"2542",2016-07-13,1.342
"2543",2016-07-14,1.346
"2544",2016-07-15,1.338
"2545",2016-07-18,1.322
"2546",2016-07-19,1.325
"2547",2016-07-20,1.348
"2548",2016-07-21,1.31
"2549",2016-07-22,1.303
"2550",2016-07-25,1.27
"2551",2016-07-26,1.269
"2552",2016-07-27,1.251
"2553",2016-07-28,1.227
"2554",2016-07-29,1.237
"2555",2016-08-01,1.2
"2556",2016-08-02,1.201
"2557",2016-08-03,1.234
"2558",2016-08-04,1.275
"2559",2016-08-05,1.274
"2560",2016-08-08,1.293
"2561",2016-08-09,1.279
"2562",2016-08-10,1.267
"2563",2016-08-11,1.341
"2564",2016-08-12,1.374
"2565",2016-08-15,1.411
"2566",2016-08-16,1.425
"2567",2016-08-17,1.461
"2568",2016-08-18,1.496
"2569",2016-08-19,1.487
"2570",2016-08-22,1.459
"2571",2016-08-23,1.478
"2572",2016-08-24,1.47
"2573",2016-08-25,1.494
"2574",2016-08-26,1.478
"2575",2016-08-29,1.465
"2576",2016-08-30,1.462
"2577",2016-08-31,1.402
"2578",2016-09-01,1.346
"2579",2016-09-02,1.365
"2580",2016-09-05,1.365
"2581",2016-09-06,1.378
"2582",2016-09-07,1.394
"2583",2016-09-08,1.44
"2584",2016-09-09,1.429
"2585",2016-09-12,1.402
"2586",2016-09-13,1.383
"2587",2016-09-14,1.346
"2588",2016-09-15,1.384
"2589",2016-09-16,1.373
"2590",2016-09-19,1.351
"2591",2016-09-20,1.353
"2592",2016-09-21,1.397
"2593",2016-09-22,1.417
"2594",2016-09-23,1.384
"2595",2016-09-26,1.418
"2596",2016-09-27,1.381
"2597",2016-09-28,1.454
"2598",2016-09-29,1.522
"2599",2016-09-30,1.515
"2600",2016-10-03,1.538
"2601",2016-10-04,1.552
"2602",2016-10-05,1.575
"2603",2016-10-06,1.577
"2604",2016-10-07,1.553
"2605",2016-10-10,1.553
"2606",2016-10-11,1.565
"2607",2016-10-12,1.543
"2608",2016-10-13,1.553
"2609",2016-10-14,1.545
"2610",2016-10-17,1.532
"2611",2016-10-18,1.544
"2612",2016-10-19,1.557
"2613",2016-10-20,1.533
"2614",2016-10-21,1.55
"2615",2016-10-24,1.56
"2616",2016-10-25,1.54
"2617",2016-10-26,1.532
"2618",2016-10-27,1.544
"2619",2016-10-28,1.518
"2620",2016-10-31,1.464
"2621",2016-11-02,1.414
"2622",2016-11-03,1.414
"2623",2016-11-04,1.381
"2624",2016-11-07,1.395
"2625",2016-11-08,1.385
"2626",2016-11-09,1.404
"2627",2016-11-10,1.385
"2628",2016-11-11,1.353
"2629",2016-11-14,1.344
"2630",2016-11-15,1.417
"2631",2016-11-16,1.401
"2632",2016-11-17,1.406
"2633",2016-11-18,1.415
"2634",2016-11-21,1.484
"2635",2016-11-22,1.482
"2636",2016-11-23,1.475
"2637",2016-11-24,1.475
"2638",2016-11-25,1.475
"2639",2016-11-28,1.466
"2640",2016-11-29,1.425
"2641",2016-11-30,1.518
"2642",2016-12-01,1.579
"2643",2016-12-02,1.592
"2644",2016-12-05,1.568
"2645",2016-12-06,1.544
"2646",2016-12-07,1.526
"2647",2016-12-08,1.538
"2648",2016-12-09,1.541
"2649",2016-12-12,1.572
"2650",2016-12-13,1.575
"2651",2016-12-14,1.579
"2652",2016-12-15,1.58
"2653",2016-12-16,1.618
"2654",2016-12-19,1.611
"2655",2016-12-20,1.619
"2656",2016-12-21,1.59
"2657",2016-12-22,1.606
"2658",2016-12-23,1.632
"2659",2016-12-27,1.646
"2660",2016-12-28,1.643
"2661",2016-12-29,1.655
"2662",2016-12-30,1.662
"2663",2017-01-03,1.618
"2664",2017-01-04,1.624
"2665",2017-01-05,1.631
"2666",2017-01-06,1.632
"2667",2017-01-09,1.573
"2668",2017-01-10,1.548
"2669",2017-01-11,1.594
"2670",2017-01-12,1.619
"2671",2017-01-13,1.594
"2672",2017-01-17,1.588
"2673",2017-01-18,1.554
"2674",2017-01-19,1.556
"2675",2017-01-20,1.571
"2676",2017-01-23,1.576
"2677",2017-01-24,1.579
"2678",2017-01-25,1.573
"2679",2017-01-26,1.599
"2680",2017-01-27,1.58
"2681",2017-01-30,1.581
"2682",2017-01-31,1.595
"2683",2017-02-01,1.631
"2684",2017-02-02,1.62
"2685",2017-02-03,1.625
"2686",2017-02-06,1.6
"2687",2017-02-07,1.585
"2688",2017-02-08,1.602
"2689",2017-02-09,1.609
"2690",2017-02-10,1.632
"2691",2017-02-13,1.589
"2692",2017-02-14,1.597
"2693",2017-02-15,1.595
"2694",2017-02-16,1.593
"2695",2017-02-17,1.611
"2696",2017-02-21,1.614
"2697",2017-02-22,1.599
"2698",2017-02-23,1.624
"2699",2017-02-24,1.606
"2700",2017-02-27,1.614
"2701",2017-02-28,1.6
"2702",2017-03-01,1.587
"2703",2017-03-02,1.544
"2704",2017-03-03,1.556
"2705",2017-03-06,1.571
"2706",2017-03-07,1.577
"2707",2017-03-08,1.527
"2708",2017-03-09,1.495
"2709",2017-03-10,1.464
"2710",2017-03-13,1.458
"2711",2017-03-14,1.458
"2712",2017-03-15,1.479
"2713",2017-03-16,1.467
"2714",2017-03-17,1.477
"2715",2017-03-20,1.483
"2716",2017-03-21,1.471
"2717",2017-03-22,1.465
"2718",2017-03-23,1.455
"2719",2017-03-24,1.473
"2720",2017-03-27,1.469
"2721",2017-03-28,1.488
"2722",2017-03-29,1.51
"2723",2017-03-30,1.528
"2724",2017-03-31,1.543
"2725",2017-04-03,1.526
"2726",2017-04-04,1.535
"2727",2017-04-05,1.536
"2728",2017-04-06,1.575
"2729",2017-04-07,1.593
"2730",2017-04-10,1.613
"2731",2017-04-11,1.616
"2732",2017-04-12,1.601
"2733",2017-04-13,1.614
"2734",2017-04-17,1.601
"2735",2017-04-18,1.594
"2736",2017-04-19,1.554
"2737",2017-04-20,1.547
"2738",2017-04-21,1.53
"2739",2017-04-24,1.519
"2740",2017-04-25,1.525
"2741",2017-04-26,1.505
"2742",2017-04-27,1.488
"2743",2017-04-28,1.475
"2744",2017-05-01,1.458
"2745",2017-05-02,1.441
"2746",2017-05-03,1.437
"2747",2017-05-04,1.379
"2748",2017-05-05,1.413
"2749",2017-05-08,1.422
"2750",2017-05-09,1.407
"2751",2017-05-10,1.442
"2752",2017-05-11,1.456
"2753",2017-05-12,1.456
"2754",2017-05-15,1.469
"2755",2017-05-16,1.48
"2756",2017-05-17,1.497
"2757",2017-05-18,1.508
"2758",2017-05-19,1.547
"2759",2017-05-22,1.564
"2760",2017-05-23,1.575
"2761",2017-05-24,1.571
"2762",2017-05-25,1.512
"2763",2017-05-26,1.526
"2764",2017-05-30,1.514
"2765",2017-05-31,1.477
"2766",2017-06-01,1.452
"2767",2017-06-02,1.441
"2768",2017-06-05,1.416
"2769",2017-06-06,1.422
"2770",2017-06-07,1.381
"2771",2017-06-08,1.38
"2772",2017-06-09,1.389
"2773",2017-06-12,1.381
"2774",2017-06-13,1.406
"2775",2017-06-14,1.369
"2776",2017-06-15,1.369
"2777",2017-06-16,1.39
"2778",2017-06-19,1.369
"2779",2017-06-20,1.361
"2780",2017-06-21,1.326
"2781",2017-06-22,1.335
"2782",2017-06-23,1.331
"2783",2017-06-26,1.339
"2784",2017-06-27,1.379
"2785",2017-06-28,1.404
"2786",2017-06-29,1.408
"2787",2017-06-30,1.447
"2788",2017-07-05,1.434
"2789",2017-07-06,1.435
"2790",2017-07-07,1.408
"2791",2017-07-10,1.407
"2792",2017-07-11,1.439
"2793",2017-07-12,1.435
"2794",2017-07-13,1.451
"2795",2017-07-14,1.479
"2796",2017-07-17,1.46
"2797",2017-07-18,1.472
"2798",2017-07-19,1.517
"2799",2017-07-20,1.511
"2800",2017-07-21,1.48
"2801",2017-07-24,1.482
"2802",2017-07-25,1.53
"2803",2017-07-26,1.563
"2804",2017-07-27,1.573
"2805",2017-07-28,1.606
"2806",2017-07-31,1.633
"2807",2017-08-01,1.612
"2808",2017-08-02,1.621
"2809",2017-08-03,1.606
"2810",2017-08-04,1.613
"2811",2017-08-07,1.605
"2812",2017-08-08,1.593
"2813",2017-08-09,1.62
"2814",2017-08-10,1.594
"2815",2017-08-11,1.596
"2816",2017-08-14,1.566
"2817",2017-08-15,1.565
"2818",2017-08-16,1.541
"2819",2017-08-17,1.548
"2820",2017-08-18,1.589
"2821",2017-08-21,1.538
"2822",2017-08-22,1.557
"2823",2017-08-23,1.596
"2824",2017-08-24,1.599
"2825",2017-08-25,1.594
"2826",2017-08-28,1.611
"2827",2017-08-29,1.641
"2828",2017-08-30,1.655
"2829",2017-08-31,1.755
"2830",2017-09-01,1.772
"2831",2017-09-05,1.773
"2832",2017-09-06,1.815
"2833",2017-09-07,1.827
"2834",2017-09-08,1.82
"2835",2017-09-11,1.747
"2836",2017-09-12,1.748
"2837",2017-09-13,1.75
"2838",2017-09-14,1.774
"2839",2017-09-15,1.764
"2840",2017-09-18,1.748
"2841",2017-09-19,1.74
"2842",2017-09-20,1.765
"2843",2017-09-21,1.775
"2844",2017-09-22,1.772
"2845",2017-09-25,1.814
"2846",2017-09-26,1.794
"2847",2017-09-27,1.787
"2848",2017-09-28,1.785
"2849",2017-09-29,1.768
"2850",2017-10-02,1.725
"2851",2017-10-03,1.714
"2852",2017-10-04,1.736
"2853",2017-10-05,1.752
"2854",2017-10-06,1.713
"2855",2017-10-09,1.693
"2856",2017-10-10,1.724
"2857",2017-10-11,1.74
"2858",2017-10-12,1.722
"2859",2017-10-13,1.752
"2860",2017-10-16,1.768
"2861",2017-10-17,1.768
"2862",2017-10-18,1.763
"2863",2017-10-19,1.731
"2864",2017-10-20,1.758
"2865",2017-10-23,1.739
"2866",2017-10-24,1.775
"2867",2017-10-25,1.77
"2868",2017-10-26,1.801
"2869",2017-10-27,1.826
"2870",2017-10-30,1.828
"2871",2017-10-31,1.826
"2872",2017-11-01,1.808
"2873",2017-11-02,1.808
"2874",2017-11-03,1.831
"2875",2017-11-06,1.876
"2876",2017-11-07,1.859
"2877",2017-11-08,1.855
"2878",2017-11-09,1.884
"2879",2017-11-10,1.868
"2880",2017-11-13,1.862
"2881",2017-11-14,1.826
"2882",2017-11-15,1.836
"2883",2017-11-16,1.834
"2884",2017-11-17,1.857
"2885",2017-11-20,1.857
"2886",2017-11-21,1.855
"2887",2017-11-22,1.854
"2888",2017-11-23,1.854
"2889",2017-11-24,1.876
"2890",2017-11-27,1.871
"2891",2017-11-28,1.884
"2892",2017-11-29,1.847
"2893",2017-11-30,1.819
"2894",2017-12-01,1.865
"2895",2017-12-04,1.821
"2896",2017-12-05,1.84
"2897",2017-12-06,1.785
"2898",2017-12-07,1.816
"2899",2017-12-08,1.854
"2900",2017-12-11,1.875
"2901",2017-12-12,1.864
"2902",2017-12-13,1.836
"2903",2017-12-14,1.83
"2904",2017-12-15,1.823
"2905",2017-12-18,1.843
"2906",2017-12-19,1.85
"2907",2017-12-20,1.857
"2908",2017-12-21,1.861
"2909",2017-12-22,1.883
"2910",2017-12-26,1.955
"2911",2017-12-27,1.941
"2912",2017-12-28,1.961
"2913",2017-12-29,1.966
"2914",2018-01-02,1.965
"2915",2018-01-03,1.97
"2916",2018-01-04,1.955
"2917",2018-01-05,1.969
"2918",2018-01-08,1.957
"2919",2018-01-09,1.976
"2920",2018-01-10,1.985
"2921",2018-01-11,2.073
"2922",2018-01-12,1.984
"2923",2018-01-16,1.962
"2924",2018-01-17,1.971
"2925",2018-01-18,1.98
"2926",2018-01-19,1.934
"2927",2018-01-22,1.995
"2928",2018-01-23,2.033
"2929",2018-01-24,2.052
"2930",2018-01-25,2.048
"2931",2018-01-26,2.08
"2932",2018-01-29,2.047
"2933",2018-01-30,2.011
"2934",2018-01-31,2.016
"2935",2018-02-01,2.044
"2936",2018-02-02,1.992
"2937",2018-02-05,1.962
"2938",2018-02-06,1.94
"2939",2018-02-07,1.882
"2940",2018-02-08,1.866
"2941",2018-02-09,1.815
"2942",2018-02-12,1.801
"2943",2018-02-13,1.797
"2944",2018-02-14,1.847
"2945",2018-02-15,1.852
"2946",2018-02-16,1.868
"2947",2018-02-19,1.868
"2948",2018-02-20,1.884
"2949",2018-02-21,1.883
"2950",2018-02-22,1.914
"2951",2018-02-23,1.934
"2952",2018-02-26,1.949
"2953",2018-02-27,1.928
"2954",2018-02-28,1.866
"2955",2018-03-01,1.848
"2956",2018-03-02,1.844
"2957",2018-03-05,1.849
"2958",2018-03-06,1.854
"2959",2018-03-07,1.834
"2960",2018-03-08,1.816
"2961",2018-03-09,1.835
"2962",2018-03-12,1.818
"2963",2018-03-13,1.825
"2964",2018-03-14,1.839
"2965",2018-03-15,1.848
"2966",2018-03-16,1.909
"2967",2018-03-19,1.868
"2968",2018-03-20,1.91
"2969",2018-03-21,1.973
"2970",2018-03-22,1.95
"2971",2018-03-23,1.979
"2972",2018-03-26,1.973
"2973",2018-03-27,1.97
"2974",2018-03-28,1.975
"2975",2018-03-29,1.982
"2976",2018-04-02,1.943
"2977",2018-04-03,1.96
"2978",2018-04-04,1.945
"2979",2018-04-05,1.941
"2980",2018-04-06,1.92
"2981",2018-04-09,1.962
"2982",2018-04-10,2.029
"2983",2018-04-11,2.057
"2984",2018-04-12,2.044
"2985",2018-04-13,2.059
"2986",2018-04-16,2.026
"2987",2018-04-17,2.008
"2988",2018-04-18,2.054
"2989",2018-04-19,2.065
"2990",2018-04-20,2.071
"2991",2018-04-23,2.066
"2992",2018-04-24,2.077
"2993",2018-04-25,2.086
"2994",2018-04-26,2.102
"2995",2018-04-27,2.094
"2996",2018-04-30,2.109
"2997",2018-05-01,2.071
"2998",2018-05-02,2.082
"2999",2018-05-03,2.085
"3000",2018-05-04,2.12
"3001",2018-05-07,2.141
"3002",2018-05-08,2.146
"3003",2018-05-09,2.197
"3004",2018-05-10,2.201
"3005",2018-05-11,2.199
"3006",2018-05-14,2.232
"3007",2018-05-15,2.216
"3008",2018-05-16,2.236
"3009",2018-05-17,2.251
"3010",2018-05-18,2.237
"3011",2018-05-21,2.242
"3012",2018-05-22,2.232
"3013",2018-05-23,2.245
"3014",2018-05-24,2.222
"3015",2018-05-25,2.16
"3016",2018-05-28,2.16
"3017",2018-05-29,2.14
"3018",2018-05-30,2.187
"3019",2018-05-31,2.167
"3020",2018-06-01,2.139
"3021",2018-06-04,2.112
"3022",2018-06-05,2.094
"3023",2018-06-06,2.097
"3024",2018-06-07,2.138
"3025",2018-06-08,2.122
"3026",2018-06-11,2.116
"3027",2018-06-12,2.115
"3028",2018-06-13,2.142
"3029",2018-06-14,2.117
"3030",2018-06-15,2.039
"3031",2018-06-18,2.088
"3032",2018-06-19,2.081
"3033",2018-06-20,2.054
"3034",2018-06-21,2.034
"3035",2018-06-22,2.08
"3036",2018-06-25,2.062
"3037",2018-06-26,2.088
"3038",2018-06-27,2.128
"3039",2018-06-28,2.13
"3040",2018-06-29,2.163
"3041",2018-07-02,2.115
"3042",2018-07-03,2.124
"3043",2018-07-05,2.141
"3044",2018-07-06,2.132
"3045",2018-07-09,2.159
"3046",2018-07-10,2.185
"3047",2018-07-11,2.075
"3048",2018-07-12,2.08
"3049",2018-07-13,2.088
"3050",2018-07-16,2.015
"3051",2018-07-17,2.022
"3052",2018-07-18,2.05
"3053",2018-07-19,2.051
"3054",2018-07-20,2.063
"3055",2018-07-23,2.078
"3056",2018-07-24,2.09
"3057",2018-07-25,2.111
"3058",2018-07-26,2.129
"3059",2018-07-27,2.112
"3060",2018-07-30,2.123
"3061",2018-07-31,2.094
"3062",2018-08-01,2.058
"3063",2018-08-02,2.09
"3064",2018-08-03,2.095
"3065",2018-08-06,2.097
"3066",2018-08-07,2.122
"3067",2018-08-08,2.071
"3068",2018-08-09,2.07
"3069",2018-08-10,2.1
"3070",2018-08-13,2.099
"3071",2018-08-14,2.086
"3072",2018-08-15,2.047
"3073",2018-08-16,2.054
"3074",2018-08-17,2.054
"3075",2018-08-20,2.067
"3076",2018-08-21,2.078
"3077",2018-08-22,2.129
"3078",2018-08-23,2.137
"3079",2018-08-24,2.159
"3080",2018-08-27,2.183
"3081",2018-08-28,2.182
"3082",2018-08-29,2.218
"3083",2018-08-30,2.214
"3084",2018-08-31,2.209
"3085",2018-09-04,2.211
"3086",2018-09-05,2.2
"3087",2018-09-06,2.173
"3088",2018-09-07,2.181
"3089",2018-09-10,2.177
"3090",2018-09-11,2.211
"3091",2018-09-12,2.216
"3092",2018-09-13,2.182
"3093",2018-09-14,2.165
"3094",2018-09-17,2.16
"3095",2018-09-18,2.194
"3096",2018-09-19,2.201
"3097",2018-09-20,2.182
"3098",2018-09-21,2.177
"3099",2018-09-24,2.243
"3100",2018-09-25,2.261
"3101",2018-09-26,2.268
"3102",2018-09-27,2.276
"3103",2018-09-28,2.307
"3104",2018-10-01,2.364
"3105",2018-10-02,2.352
"3106",2018-10-03,2.385
"3107",2018-10-04,2.354
"3108",2018-10-05,2.343
"3109",2018-10-08,2.347
"3110",2018-10-09,2.372
"3111",2018-10-10,2.34
"3112",2018-10-11,2.281
"3113",2018-10-12,2.277
"3114",2018-10-15,2.276
"3115",2018-10-16,2.29
"3116",2018-10-17,2.263
"3117",2018-10-18,2.249
"3118",2018-10-19,2.254
"3119",2018-10-22,2.27
"3120",2018-10-23,2.191
"3121",2018-10-24,2.182
"3122",2018-10-25,2.218
"3123",2018-10-26,2.25
"3124",2018-10-29,2.222
"3125",2018-10-30,2.208
"3126",2018-10-31,2.193
"3127",2018-11-01,2.147
"3128",2018-11-02,2.118
"3129",2018-11-05,2.129
"3130",2018-11-06,2.124
"3131",2018-11-07,2.171
"3132",2018-11-08,2.096
"3133",2018-11-09,2.084
"3134",2018-11-12,2.048
"3135",2018-11-13,1.97
